candidate,state,pair,raw_um,integer_um,independent_um,extension_zero_mm,extension_end_mm,svg_zero_length,svg_end_length,svg_limit
public,ideal-flat,XY,0,0,0,10,10,11,11,false
public,ideal-flat,XZ,0,0,0,10,10,11,11,false
public,ideal-flat,YZ,0,0,0,10,10,11,11,false
public,ideal-support-0-raise-0.001,XY,0,0,0,10,10,11,11.000000000000291,false
public,ideal-support-0-raise-0.001,XZ,-0.04326847779199949,0,-0.04326847779199949,10,10.000043268477793,11,11.007211412961283,false
public,ideal-support-0-raise-0.001,YZ,-0.2187498432844326,0,-0.2187498432844326,10,10.000218749843285,11,11.036459217849488,false
public,ideal-support-0-lower-0.001,XY,0,0,0,10,10,11,11.000000000000291,false
public,ideal-support-0-lower-0.001,XZ,0.04326844675953123,0,0.04326844675953123,10,9.99995673155324,11,10.9927885922027,false
public,ideal-support-0-lower-0.001,YZ,0.21875015648008256,0,0.21875015648008256,10,9.99978124984352,11,10.9635425572795,false
public,ideal-support-0-raise-0.01,XY,0,0,0,10,10,11,11,false
public,ideal-support-0-raise-0.01,XZ,-0.43268617438280144,0,-0.43268617438280144,10,10.000432686174383,11,11.07211436197791,false
public,ideal-support-0-raise-0.01,YZ,-2.1874843374701527,-2,-2.1874843374701527,10,10.00218748433747,11,11.364669156467219,false
public,ideal-support-0-lower-0.01,XY,0,0,0,10,10,11,11,false
public,ideal-support-0-lower-0.01,XZ,0.43268307111168913,0,0.43268307111168913,10,9.99956731692889,11,10.927886154395495,false
public,ideal-support-0-lower-0.01,YZ,2.1875156626105507,+2,2.1875156626105507,10,9.99781248433739,11,10.635508553746048,false
public,ideal-support-1-raise-0.001,XY,0,0,0,10,10,11,11.000000000000291,false
public,ideal-support-1-raise-0.001,XZ,0.04326847779199949,0,0.04326847779199949,10,9.999956731522207,11,10.992788587030617,false
public,ideal-support-1-raise-0.001,YZ,-0.2187498432844326,0,-0.2187498432844326,10,10.000218749843285,11,11.036459217849488,false
public,ideal-support-1-lower-0.001,XY,0,0,0,10,10,11,11.000000000000291,false
public,ideal-support-1-lower-0.001,XZ,-0.04326844675953123,0,-0.04326844675953123,10,10.00004326844676,11,11.007211407789207,false
public,ideal-support-1-lower-0.001,YZ,0.21875015648008256,0,0.21875015648008256,10,9.99978124984352,11,10.9635425572795,false
public,ideal-support-1-raise-0.01,XY,0,0,0,10,10,11,11,false
public,ideal-support-1-raise-0.01,XZ,0.43268617438280144,0,0.43268617438280144,10,9.999567313825617,11,10.927885637183643,false
public,ideal-support-1-raise-0.01,YZ,-2.1874843374701527,-2,-2.1874843374701527,10,10.00218748433747,11,11.364669156467219,false
public,ideal-support-1-lower-0.01,XY,0,0,0,10,10,11,11,false
public,ideal-support-1-lower-0.01,XZ,-0.43268307111168913,0,-0.43268307111168913,10,10.000432683071113,11,11.072113844766058,false
public,ideal-support-1-lower-0.01,YZ,2.1875156626105507,+2,2.1875156626105507,10,9.99781248433739,11,10.635508553746048,false
public,ideal-support-2-raise-0.001,XY,0,0,0,10,10,11,11,false
public,ideal-support-2-raise-0.001,XZ,0.0316896469013811,0,0.0316896469013811,10,9.999968310353099,11,10.994718392181369,false
public,ideal-support-2-raise-0.001,YZ,0.3152177881077245,0,0.3152177881077245,10,9.999684782211892,11,10.947467374153462,false
public,ideal-support-2-lower-0.001,XY,0,0,0,10,10,11,11,false
public,ideal-support-2-lower-0.001,XZ,-0.03168950910882595,0,-0.03168950910882595,10,10.00003168950911,11,11.005281584849733,false
public,ideal-support-2-lower-0.001,YZ,-0.3152169946764316,0,-0.3152169946764316,10,10.000315216994677,11,11.052539803035257,false
public,ideal-support-2-raise-0.01,XY,0,0,0,10,10,11,10.999999999999709,false
public,ideal-support-2-raise-0.01,XZ,0.31690266974644665,0,0.31690266974644665,10,9.999683097330253,11,10.947182888150659,false
public,ideal-support-2-raise-0.01,YZ,3.1522135942770033,+3,3.1522135942770033,10,9.996847786405723,11,10.47501485673859,false
public,ideal-support-2-lower-0.01,XY,0,0,0,10,10,11,10.999999999999709,false
public,ideal-support-2-lower-0.01,XZ,-0.3168888905828726,0,-0.3168888905828726,10,10.000316888890582,11,11.052814814872209,false
public,ideal-support-2-lower-0.01,YZ,-3.1521342315887075,-3,-3.1521342315887075,10,10.00315213423159,11,11.525704501738259,false
public,ideal-support-3-raise-0.001,XY,0,0,0,10,10,11,11,false
public,ideal-support-3-raise-0.001,XZ,-0.0316896469013811,0,-0.0316896469013811,10,10.000031689646901,11,11.005281607815164,false
public,ideal-support-3-raise-0.001,YZ,0.3152177881077245,0,0.3152177881077245,10,9.999684782211892,11,10.947467374153462,false
public,ideal-support-3-lower-0.001,XY,0,0,0,10,10,11,11,false
public,ideal-support-3-lower-0.001,XZ,0.03168950910882595,0,0.03168950910882595,10,9.99996831049089,11,10.994718415146792,false
public,ideal-support-3-lower-0.001,YZ,-0.3152169946764316,0,-0.3152169946764316,10,10.000315216994677,11,11.052539803035257,false
public,ideal-support-3-raise-0.01,XY,0,0,0,10,10,11,10.999999999999709,false
public,ideal-support-3-raise-0.01,XZ,-0.31690266974644665,0,-0.31690266974644665,10,10.000316902669747,11,11.052817111399472,false
public,ideal-support-3-raise-0.01,YZ,3.1522135942770033,+3,3.1522135942770033,10,9.996847786405723,11,10.47501485673859,false
public,ideal-support-3-lower-0.01,XY,0,0,0,10,10,11,10.999999999999709,false
public,ideal-support-3-lower-0.01,XZ,0.3168888905828726,0,0.3168888905828726,10,9.999683111109418,11,10.947185184677922,false
public,ideal-support-3-lower-0.01,YZ,-3.1521342315887075,-3,-3.1521342315887075,10,10.00315213423159,11,11.525704501738259,false
public,ideal-support-4-raise-0.001,XY,0.00413602941305713,0,0.00413602941305713,10.000000000000002,9.99999586397059,11,10.999310661765065,false
public,ideal-support-4-raise-0.001,XZ,0.011578899743527882,0,0.011578899743527882,10.000000000000002,9.999988421100259,11,10.99807018337637,false
public,ideal-support-4-raise-0.001,YZ,0.025815168646844966,0,0.02581516864857969,10.000000000000004,9.999974184831355,11,10.995698385907891,false
public,ideal-support-4-lower-0.001,XY,-0.004136029409587683,0,-0.004136029409587683,10.000000000000002,10.000004136029412,11,11.00068933823551,false
public,ideal-support-4-lower-0.001,XZ,-0.011578868799530517,0,-0.011578868799530517,10.000000000000002,10.0000115788688,11,11.00192981146688,false
public,ideal-support-4-lower-0.001,YZ,-0.02581526616952934,0,-0.025815266167794615,10.000000000000004,10.000025815266172,11,11.004303457662449,false
public,ideal-support-4-raise-0.01,XY,0.041360294114958784,0,0.041360294114958784,9.999999999999998,9.999958639705884,11,10.993106617647506,false
public,ideal-support-4-raise-0.01,XZ,0.11579038966882949,0,0.11579038966882949,9.999999999999998,9.999884209610329,11,10.980701601691791,false
public,ideal-support-4-raise-0.01,YZ,0.258147293279512,0,0.2581472932760426,10.000000000000002,9.999741852706727,11,10.957067175348056,false
public,ideal-support-4-lower-0.01,XY,-0.04136029411842823,0,-0.04136029411842823,9.999999999999998,10.000041360294118,11,11.00689338235307,false
public,ideal-support-4-lower-0.01,XZ,-0.11578729573746838,0,-0.11578729573746838,9.999999999999998,10.000115787295735,11,11.019297882592845,false
public,ideal-support-4-lower-0.01,YZ,-0.258157054445346,0,-0.2581570544470807,10.000000000000002,10.000258157054448,11,11.043117185121844,false
public,ideal-support-5-raise-0.001,XY,-0.004136029409587683,0,-0.004136029409587683,10.000000000000002,10.000004136029412,11,11.00068933823551,false
public,ideal-support-5-raise-0.001,XZ,-0.011578899738323711,0,-0.011578899738323711,10.000000000000002,10.00001157889974,11,11.001929816623345,false
public,ideal-support-5-raise-0.001,YZ,0.025815168646844966,0,0.02581516864857969,10.000000000000004,9.999974184831355,11,10.995698385907891,false
public,ideal-support-5-lower-0.001,XY,0.00413602941305713,0,0.00413602941305713,10.000000000000002,9.99999586397059,11,10.999310661765065,false
public,ideal-support-5-lower-0.001,XZ,0.011578868804734688,0,0.011578868804734688,10.000000000000002,9.999988421131198,11,10.998070188532836,false
public,ideal-support-5-lower-0.001,YZ,-0.02581526616952934,0,-0.025815266167794615,10.000000000000004,10.000025815266172,11,11.004303457662449,false
public,ideal-support-5-raise-0.01,XY,-0.04136029411842823,0,-0.04136029411842823,9.999999999999998,10.000041360294118,11,11.00689338235307,false
public,ideal-support-5-raise-0.01,XZ,-0.11579038967056421,0,-0.11579038967056421,9.999999999999998,10.00011579038967,11,11.01929839824836,false
public,ideal-support-5-raise-0.01,YZ,0.258147293279512,0,0.2581472932760426,10.000000000000002,9.999741852706727,11,10.957067175348056,false
public,ideal-support-5-lower-0.01,XY,0.041360294114958784,0,0.041360294114958784,9.999999999999998,9.999958639705884,11,10.993106617647506,false
public,ideal-support-5-lower-0.01,XZ,0.11578729573573365,0,0.11578729573573365,9.999999999999998,9.999884212704263,11,10.980702117347306,false
public,ideal-support-5-lower-0.01,YZ,-0.258157054445346,0,-0.2581570544470807,10.000000000000002,10.000258157054448,11,11.043117185121844,false
public,ideal-support-6-raise-0.001,XY,-0.00413602941305713,0,-0.00413602941305713,10,10.000004136029414,11,11.00068933823551,false
public,ideal-support-6-raise-0.001,XZ,-1.734723475976807e-12,0,-1.734723475976807e-12,10,10.000000000000002,11,11.000000000000291,false
public,ideal-support-6-raise-0.001,YZ,-0.12228260869683039,0,-0.12228260869683039,10.000000000000002,10.000122282608698,11,11.020380434783092,false
public,ideal-support-6-lower-0.001,XY,0.004136029411322406,0,0.004136029411322406,10,9.99999586397059,11,10.999310661764781,false
public,ideal-support-6-lower-0.001,XZ,-1.734723475976807e-12,0,-1.734723475976807e-12,10,10.000000000000002,11,11.000000000000291,false
public,ideal-support-6-lower-0.001,YZ,0.12228260869509566,0,0.12228260869509566,10.000000000000002,9.999877717391307,11,10.979619565217774,false
public,ideal-support-6-raise-0.01,XY,-0.041360294120162955,0,-0.041360294120162955,10,10.000041360294121,11,11.006893382353361,false
public,ideal-support-6-raise-0.01,XZ,-3.469446951953614e-12,0,-3.469446951953614e-12,10,10.000000000000004,11,11.000000000000576,false
public,ideal-support-6-raise-0.01,YZ,-1.2228260869440177,-1,-1.2228260869440177,10.000000000000002,10.001222826086947,11,11.203804347824004,false
public,ideal-support-6-lower-0.01,XY,0.04136029411322406,0,0.04136029411322406,10,9.999958639705888,11,10.993106617647797,false
public,ideal-support-6-lower-0.01,XZ,-3.469446951953614e-12,0,-3.469446951953614e-12,10,10.000000000000004,11,11.000000000000576,false
public,ideal-support-6-lower-0.01,YZ,1.2228260869440177,+1,1.2228260869440177,10.000000000000002,9.998777173913059,11,10.796195652175996,false
public,ideal-support-7-raise-0.001,XY,0.004136029411322406,0,0.004136029411322406,10,9.99999586397059,11,10.999310661764781,false
public,ideal-support-7-raise-0.001,XZ,-1.734723475976807e-12,0,-1.734723475976807e-12,10,10.000000000000002,11,11.000000000000291,false
public,ideal-support-7-raise-0.001,YZ,-0.12228260869683039,0,-0.12228260869683039,10.000000000000002,10.000122282608698,11,11.020380434783092,false
public,ideal-support-7-lower-0.001,XY,-0.00413602941305713,0,-0.00413602941305713,10,10.000004136029414,11,11.00068933823551,false
public,ideal-support-7-lower-0.001,XZ,-1.734723475976807e-12,0,-1.734723475976807e-12,10,10.000000000000002,11,11.000000000000291,false
public,ideal-support-7-lower-0.001,YZ,0.12228260869509566,0,0.12228260869509566,10.000000000000002,9.999877717391307,11,10.979619565217774,false
public,ideal-support-7-raise-0.01,XY,0.04136029411322406,0,0.04136029411322406,10,9.999958639705888,11,10.993106617647797,false
public,ideal-support-7-raise-0.01,XZ,-3.469446951953614e-12,0,-3.469446951953614e-12,10,10.000000000000004,11,11.000000000000576,false
public,ideal-support-7-raise-0.01,YZ,-1.2228260869440177,-1,-1.2228260869440177,10.000000000000002,10.001222826086947,11,11.203804347824004,false
public,ideal-support-7-lower-0.01,XY,-0.041360294120162955,0,-0.041360294120162955,10,10.000041360294121,11,11.006893382353361,false
public,ideal-support-7-lower-0.01,XZ,-3.469446951953614e-12,0,-3.469446951953614e-12,10,10.000000000000004,11,11.000000000000576,false
public,ideal-support-7-lower-0.01,YZ,1.2228260869440177,+1,1.2228260869440177,10.000000000000002,9.998777173913059,11,10.796195652175996,false
public,used-flat,XY,16.958999990967712,+17,16.958999990967712,10,9.983041000009033,11,8.173500001505381,false
public,used-flat,XZ,8.128999999005085,+8,8.128999999005085,10,9.991871000000994,11,9.645166666832488,false
public,used-flat,YZ,14.11999999469636,+14,14.11999999469636,10.000000000000002,9.985880000005306,11,8.646666667551184,false
public,used-support-0-raise-0.001,XY,16.958999990967712,+17,16.958999990967712,10,9.983041000009033,11,8.17350000150567,false
public,used-support-0-raise-0.001,XZ,8.085732522802521,+8,8.085732522802521,10,9.991914267477197,11,9.6523779128622,false
public,used-support-0-raise-0.001,YZ,13.901252021246076,+14,13.901252021246076,10.000000000000002,9.986098747978756,11,8.683125820615349,false
public,used-support-0-lower-0.001,XY,16.958999990967712,+17,16.958999990967712,10,9.983041000009033,11,8.17350000150567,false
public,used-support-0-lower-0.001,XZ,8.17226744417518,+8,8.17226744417518,10,9.991827732555825,11,9.637955425966759,false
public,used-support-0-lower-0.001,YZ,14.338748281342294,+14,14.338748281342294,10.000000000000002,9.98566125171866,11,8.610209787069447,false
public,used-support-0-raise-0.01,XY,16.958999990967712,+17,16.958999990967712,10,9.983041000009033,11,8.173500001505381,false
public,used-support-0-raise-0.01,XZ,7.696323840533995,+8,7.696323840533995,10,9.992303676159466,11,9.717279359492071,false
public,used-support-0-raise-0.01,YZ,11.93253435565443,+12,11.93253435565443,10.000000000000002,9.988067465644347,11,9.011355807069084,false
public,used-support-0-lower-0.01,XY,16.958999990967712,+17,16.958999990967712,10,9.983041000009033,11,8.173500001505381,false
public,used-support-0-lower-0.01,XZ,8.561673054206798,+9,8.561673054206798,10,9.991438326945794,11,9.573054490546605,false
public,used-support-0-lower-0.01,YZ,16.30749695905563,+16,16.30749695905563,10.000000000000002,9.983692503040947,11,8.28220519373526,false
public,used-support-1-raise-0.001,XY,16.958999990967712,+17,16.958999990967712,10,9.983041000009033,11,8.17350000150567,false
public,used-support-1-raise-0.001,XZ,8.172267475207647,+8,8.172267475207647,10,9.991827732524792,11,9.637955420794675,false
public,used-support-1-raise-0.001,YZ,13.901248282635962,+14,13.901248282635962,10.000000000000002,9.986098751717366,11,8.683126443695114,false
public,used-support-1-lower-0.001,XY,16.958999990967712,+17,16.958999990967712,10,9.983041000009033,11,8.17350000150567,false
public,used-support-1-lower-0.001,XZ,8.08573255383499,+8,8.08573255383499,10,9.991914267446166,11,9.652377907690123,false
public,used-support-1-lower-0.001,YZ,14.338752019948942,+14,14.338752019948942,10.000000000000002,9.985661247980053,11,8.6102091639464,false
public,used-support-1-raise-0.01,XY,16.958999990967712,+17,16.958999990967712,10,9.983041000009033,11,8.173500001505381,false
public,used-support-1-raise-0.01,XZ,8.56167615747791,+9,8.56167615747791,10,9.991438323842523,11,9.573053973334751,false
public,used-support-1-raise-0.01,YZ,11.932496969398882,+12,11.932496969398882,10.000000000000002,9.988067503030603,11,9.011362035930457,false
public,used-support-1-lower-0.01,XY,16.958999990967712,+17,16.958999990967712,10,9.983041000009033,11,8.173500001505381,false
public,used-support-1-lower-0.01,XZ,7.696326943805107,+8,7.696326943805107,10,9.992303673056195,11,9.717278842280225,false
public,used-support-1-lower-0.01,YZ,16.3075343449625,+16,16.3075343449625,10.000000000000002,9.98369246565504,11,8.282198960552716,false
public,used-support-2-raise-0.001,XY,16.958999990967712,+17,16.958999990967712,10,9.983041000009033,11,8.173500001505381,false
public,used-support-2-raise-0.001,XZ,8.160693835660911,+8,8.160693835660911,10,9.991839306164339,11,9.639884360721446,false
public,used-support-2-raise-0.001,YZ,14.435213578637557,+14,14.435213578637557,10.000000000000002,9.985564786421364,11,8.594135748118896,false
public,used-support-2-lower-0.001,XY,16.958999990967712,+17,16.958999990967712,10,9.983041000009033,11,8.173500001505381,false
public,used-support-2-lower-0.001,XZ,8.097306300143547,+8,8.097306300143547,10,9.991902693699856,11,9.65044894997434,false
public,used-support-2-lower-0.001,YZ,13.804787204408504,+14,13.804787204408504,10.000000000000002,9.986195212795593,11,8.699206753983319,false
public,used-support-2-raise-0.01,XY,16.958999990967712,+17,16.958999990967712,10,9.983041000009033,11,8.173500001505094,false
public,used-support-2-raise-0.01,XZ,8.445944566259564,+8,8.445944566259564,10,9.99155405543374,11,9.592342572065427,false
public,used-support-2-raise-0.01,YZ,17.272171545646213,+17,17.272171545646213,10.000000000000002,9.982727828454356,11,8.121799754709901,false
public,used-support-2-lower-0.01,XY,16.958999990967712,+17,16.958999990967712,10,9.983041000009033,11,8.173500001505094,false
public,used-support-2-lower-0.01,XZ,7.812069210844791,+8,7.812069210844791,10,9.992187930789155,11,9.69798846463457,false
public,used-support-2-lower-0.01,YZ,10.967907806204089,+11,10.967907806204089,10.000000000000002,9.989032092193797,11,9.172453667744175,false
public,used-support-3-raise-0.001,XY,16.958999990967712,+17,16.958999990967712,10,9.983041000009033,11,8.173500001505381,false
public,used-support-3-raise-0.001,XZ,8.097306162349257,+8,8.097306162349257,10,9.991902693837652,11,9.650448972940055,false
public,used-support-3-raise-0.001,YZ,14.435221985914168,+14,14.435221985915902,10.000000000000002,9.985564778014085,11,8.594134346874863,false
public,used-support-3-lower-0.001,XY,16.958999990967712,+17,16.958999990967712,10,9.983041000009033,11,8.173500001505381,false
public,used-support-3-lower-0.001,XZ,8.160693697868357,+8,8.160693697868357,10,9.991839306302133,11,9.63988438368687,false
public,used-support-3-lower-0.001,YZ,13.804778797147504,+14,13.804778797147504,10.000000000000002,9.986195221202854,11,8.699208155160527,false
public,used-support-3-raise-0.01,XY,16.958999990967712,+17,16.958999990967712,10,9.983041000009033,11,8.173500001505094,false
public,used-support-3-raise-0.01,XZ,7.812055431681217,+8,7.812055431681217,10,9.992187944568318,11,9.697990761161819,false
public,used-support-3-raise-0.01,YZ,17.27225561955724,+17,17.27225561955724,10.000000000000002,9.982727744380444,11,8.12178573982594,false
public,used-support-3-lower-0.01,XY,16.958999990967712,+17,16.958999990967712,10,9.983041000009033,11,8.173500001505094,false
public,used-support-3-lower-0.01,XZ,8.445930787095989,+8,8.445930787095989,10,9.991554069212905,11,9.592344868592704,false
public,used-support-3-lower-0.01,YZ,10.967823734293198,+11,10.967823734294932,10.000000000000002,9.989032176265708,11,9.172467676031415,false
public,used-support-4-raise-0.001,XY,16.963136020375565,+17,16.963136020375565,10.000000000000002,9.983036863979626,11,8.172810663271317,false
public,used-support-4-raise-0.001,XZ,8.140576562641611,+8,8.140576562641611,10.000000000000002,9.99185942343736,11,9.643237239560023,false
public,used-support-4-raise-0.001,YZ,14.145815741424192,+14,14.145815741425928,10,9.985854184258574,11,8.642365206034183,false
public,used-support-4-lower-0.001,XY,16.954863961565064,+17,16.954863961565064,10.000000000000002,9.983045136038436,11,8.174189339739733,false
public,used-support-4-lower-0.001,XZ,8.117423466310822,+8,8.117423466310822,10.000000000000002,9.99188257653369,11,9.647096088948487,false
public,used-support-4-lower-0.001,YZ,14.094184150438908,+14,14.094184150440642,10.000000000000002,9.985905815849561,11,8.65097047004175,false
public,used-support-4-raise-0.01,XY,17.000360285018488,+17,17.000360285018488,9.999999999999998,9.98299963971498,11,8.166606619163584,false
public,used-support-4-raise-0.01,XZ,8.244767027607361,+8,8.244767027607361,9.999999999999998,9.991755232972391,11,9.625872162035371,false
public,used-support-4-raise-0.01,YZ,14.378153069280128,+14,14.378153069280128,10.000000000000002,9.985621846930721,11,8.603757971680848,false
public,used-support-4-lower-0.01,XY,16.917639696915206,+17,16.917639696915206,9.999999999999998,9.983082360303083,11,8.180393383847466,false
public,used-support-4-lower-0.01,XZ,8.013236064309885,+8,8.013236064309885,9.999999999999998,9.991986763935689,11,9.664460655918283,false
public,used-support-4-lower-0.01,YZ,13.86183715854604,+14,13.86183715854257,10.000000000000002,9.98613816284146,11,8.689809466532042,false
public,used-support-5-raise-0.001,XY,16.954863961565064,+17,16.954863961565064,10.000000000000002,9.983045136038436,11,8.174189339739733,false
public,used-support-5-raise-0.001,XZ,8.117423435372029,+8,8.117423435372029,10.000000000000002,9.99188257656463,11,9.647096094104953,false
public,used-support-5-raise-0.001,YZ,14.145814584731395,+14,14.145814584734865,10.000000000000002,9.985854185415267,11,8.642365398822447,false
public,used-support-5-lower-0.001,XY,16.963136020375565,+17,16.963136020375565,10.000000000000002,9.983036863979626,11,8.172810663271317,false
public,used-support-5-lower-0.001,XZ,8.140576531702818,+8,8.140576531702818,10.000000000000002,9.991859423468298,11,9.643237244716488,false
public,used-support-5-lower-0.001,YZ,14.094185307136907,+14,14.094185307140378,10,9.98590581469286,11,8.650970277264351,false
public,used-support-5-raise-0.01,XY,16.917639696915206,+17,16.917639696915206,9.999999999999998,9.983082360303083,11,8.180393383847466,false
public,used-support-5-raise-0.01,XZ,8.013232970378523,+8,8.013232970378523,9.999999999999998,9.99198676702962,11,9.664461171573514,false
public,used-support-5-raise-0.01,YZ,14.378141502050315,+14,14.378141502046846,10.000000000000002,9.985621858497955,11,8.603759900116593,false
public,used-support-5-lower-0.01,XY,17.000360285018488,+17,17.000360285018488,9.999999999999998,9.98299963971498,11,8.166606619163584,false
public,used-support-5-lower-0.01,XZ,8.244763933676,+8,8.244763933676,9.999999999999998,9.991755236066323,11,9.625872677690602,false
public,used-support-5-lower-0.01,YZ,13.861848726093307,+14,13.861848726091571,10.000000000000002,9.986138151273911,11,8.689807539216813,false
public,used-support-6-raise-0.001,XY,16.954863961561596,+17,16.954863961561596,10,9.983045136038438,11,8.174189339739733,false
public,used-support-6-raise-0.001,XZ,8.128997143764735,+8,8.128997143764735,10,9.991871002856236,11,9.64516714270588,false
public,used-support-6-raise-0.001,YZ,13.997719142351539,+14,13.997719142351539,10.000000000000002,9.986002280857651,11,8.667046809608657,false
public,used-support-6-lower-0.001,XY,16.963136020372097,+17,16.963136020372097,10,9.983036863979628,11,8.172810663271317,false
public,used-support-6-lower-0.001,XZ,8.1290028542437,+8,8.1290028542437,10,9.991870997145757,11,9.645166190959387,false
public,used-support-6-lower-0.001,YZ,14.242280847034245,+14,14.242280847032509,10,9.985757719152968,11,8.626286525494582,false
public,used-support-6-raise-0.01,XY,16.91763969691347,+17,16.91763969691347,10,9.983082360303086,11,8.180393383847754,false
public,used-support-6-raise-0.01,XZ,8.12897144658424,+8,8.12897144658424,10,9.991871028553415,11,9.645171425569295,false
public,used-support-6-raise-0.01,YZ,12.897191471126709,+13,12.897191471128444,10.000000000000002,9.987102808528874,11,8.850468088145547,false
public,used-support-6-lower-0.01,XY,17.000360285015017,+17,17.000360285015017,10,9.982999639714984,11,8.166606619164163,false
public,used-support-6-lower-0.01,XZ,8.129028551384296,+8,8.129028551384296,10,9.991870971448616,11,9.645161908102615,false
public,used-support-6-lower-0.01,YZ,15.34280851796764,+15,15.34280851796764,10.000000000000002,9.984657191482034,11,8.442865247005393,false
public,used-support-7-raise-0.001,XY,16.963136020372097,+17,16.963136020372097,10,9.983036863979628,11,8.172810663271317,false
public,used-support-7-raise-0.001,XZ,8.1290028542437,+8,8.1290028542437,10,9.991870997145757,11,9.645166190959387,false
public,used-support-7-raise-0.001,YZ,13.997715630395188,+14,13.997715630393454,10,9.986002284369606,11,8.667047394934425,false
public,used-support-7-lower-0.001,XY,16.954863961561596,+17,16.954863961561596,10,9.983045136038438,11,8.174189339739733,false
public,used-support-7-lower-0.001,XZ,8.128997143764735,+8,8.128997143764735,10,9.991871002856236,11,9.64516714270588,false
public,used-support-7-lower-0.001,YZ,14.242284358990595,+14,14.242284358990595,10.000000000000002,9.985757715641011,11,8.626285940168813,false
public,used-support-7-raise-0.01,XY,17.000360285015017,+17,17.000360285015017,10,9.982999639714984,11,8.166606619164163,false
public,used-support-7-raise-0.01,XZ,8.129028551384296,+8,8.129028551384296,10,9.991870971448616,11,9.645161908102615,false
public,used-support-7-raise-0.01,YZ,12.897156351594427,+13,12.897156351594427,10.000000000000002,9.987102843648408,11,8.850473941400928,false
public,used-support-7-lower-0.01,XY,16.91763969691347,+17,16.91763969691347,10,9.983082360303086,11,8.180393383847754,false
public,used-support-7-lower-0.01,XZ,8.12897144658424,+8,8.12897144658424,10,9.991871028553415,11,9.645171425569295,false
public,used-support-7-lower-0.01,YZ,15.342843637499923,+15,15.342843637501657,10.000000000000002,9.9846571563625,11,8.442859393750012,false
pr,ideal-flat,XY,0,0,0,10.000000000000009,10.000000000000009,11,11.000000000001442,false
pr,ideal-flat,XZ,0,0,0,10.000000000000009,10.000000000000009,11,11.000000000001442,false
pr,ideal-flat,YZ,0,0,0,10.000000000000009,10.000000000000009,11,11.000000000001442,false
pr,ideal-support-0-raise-0.001,XY,8.326672684688674e-11,0,8.326672684688674e-11,10.000000000000009,9.999999999999925,11,10.999999999988432,false
pr,ideal-support-0-raise-0.001,XZ,-0.04681506893255971,0,-0.04681506893255971,10.000000000000009,10.000046815068941,11,11.007802511486446,false
pr,ideal-support-0-raise-0.001,YZ,-0.15760849962458134,0,-0.15760849962458134,10.000000000000009,10.000157608499633,11,11.026268994749639,false
pr,ideal-support-0-lower-0.001,XY,8.326672684688674e-11,0,8.326672684688674e-11,10.000000000000009,9.999999999999925,11,10.999999999988432,false
pr,ideal-support-0-lower-0.001,XZ,0.04681504614523213,0,0.04681504614523213,10.000000000000009,9.999953184953863,11,10.992197492306815,false
pr,ideal-support-0-lower-0.001,YZ,0.1576088916564744,0,0.1576088916564744,10.000000000000009,9.999842391108352,11,10.973732767233798,false
pr,ideal-support-0-raise-0.01,XY,0,0,0,10.000000000000009,10.000000000000009,11,11.000000000001734,false
pr,ideal-support-0-raise-0.01,XZ,-0.4681517143823727,0,-0.4681517143823727,10.000000000000009,10.000468151714392,11,11.078025285312613,false
pr,ideal-support-0-raise-0.01,YZ,-1.576067356935662,-2,-1.576067356935662,10.000000000000009,10.001576067356945,11,11.262767126635278,false
pr,ideal-support-0-lower-0.01,XY,0,0,0,10.000000000000009,10.000000000000009,11,11.000000000001734,false
pr,ideal-support-0-lower-0.01,XZ,0.4681494364649347,0,0.4681494364649347,10.000000000000009,9.999531850563544,11,10.921975093504734,false
pr,ideal-support-0-lower-0.01,YZ,1.5761065561004095,+2,1.5761065561004095,10.000000000000009,9.998423893443908,11,10.737409174551043,false
pr,ideal-support-1-raise-0.001,XY,8.326672684688674e-11,0,8.326672684688674e-11,10.000000000000009,9.999999999999925,11,10.999999999988432,false
pr,ideal-support-1-raise-0.001,XZ,0.04681506832367177,0,0.04681506832367177,10.000000000000009,9.999953184931686,11,10.992197488610408,false
pr,ideal-support-1-raise-0.001,YZ,-0.15760849962458134,0,-0.15760849962458134,10.000000000000009,10.000157608499633,11,11.026268994749639,false
pr,ideal-support-1-lower-0.001,XY,8.326672684688674e-11,0,8.326672684688674e-11,10.000000000000009,9.999999999999925,11,10.999999999988432,false
pr,ideal-support-1-lower-0.001,XZ,-0.04681504675412007,0,-0.04681504675412007,10.000000000000009,10.000046815046764,11,11.00780250779004,false
pr,ideal-support-1-lower-0.001,YZ,0.1576088916564744,0,0.1576088916564744,10.000000000000009,9.999842391108352,11,10.973732767233798,false
pr,ideal-support-1-raise-0.01,XY,0,0,0,10.000000000000009,10.000000000000009,11,11.000000000001734,false
pr,ideal-support-1-raise-0.01,XZ,0.46815164373749385,0,0.46815164373749385,10.000000000000009,9.999531848356272,11,10.921974725625972,false
pr,ideal-support-1-raise-0.01,YZ,-1.576067356935662,-2,-1.576067356935662,10.000000000000009,10.001576067356945,11,11.262767126635278,false
pr,ideal-support-1-lower-0.01,XY,0,0,0,10.000000000000009,10.000000000000009,11,11.000000000001734,false
pr,ideal-support-1-lower-0.01,XZ,-0.4681495071375691,0,-0.4681495071375691,10.000000000000009,10.000468149507146,11,11.078024917438483,false
pr,ideal-support-1-lower-0.01,YZ,1.5761065561004095,+2,1.5761065561004095,10.000000000000009,9.998423893443908,11,10.737409174551043,false
pr,ideal-support-2-raise-0.001,XY,2.7755575615628914e-11,0,2.7755575615628914e-11,10.000000000000009,9.99999999999998,11,10.999999999996817,false
pr,ideal-support-2-raise-0.001,XZ,0.034287130100396634,0,0.034287130100396634,10.000000000000009,9.999965712869908,11,10.994285478316314,false
pr,ideal-support-2-raise-0.001,YZ,0.19293531548086884,0,0.19293531548086884,10.000000000000009,9.999807064684529,11,10.967847779434736,false
pr,ideal-support-2-lower-0.001,XY,2.7755575615628914e-11,0,2.7755575615628914e-11,10.000000000000009,9.99999999999998,11,10.999999999996817,false
pr,ideal-support-2-lower-0.001,XZ,-0.03428703871516392,0,-0.03428703871516392,10.000000000000009,10.000034287038725,11,11.005714506452236,false
pr,ideal-support-2-lower-0.001,YZ,-0.19293424989054453,0,-0.19293424989054453,10.000000000000009,10.000192934249899,11,11.032159352293046,false
pr,ideal-support-2-raise-0.01,XY,5.551115123125783e-11,0,5.551115123125783e-11,10.000000000000009,9.999999999999954,11,10.999999999992482,false
pr,ideal-support-2-raise-0.01,XZ,0.34287540583675946,0,0.34287540583675946,10.000000000000009,9.999657124594172,11,10.942854098804007,false
pr,ideal-support-2-raise-0.01,YZ,1.929401103144962,+2,1.9294011031432272,10.000000000000009,9.998070598896865,11,10.678809613022828,false
pr,ideal-support-2-lower-0.01,XY,2.7755575615628914e-11,0,2.7755575615628914e-11,10.000000000000009,9.99999999999998,11,10.999999999997108,false
pr,ideal-support-2-lower-0.01,XZ,-0.3428662824142559,0,-0.3428662824142559,10.000000000000009,10.000342866282423,11,11.057144380179176,false
pr,ideal-support-2-lower-0.01,YZ,-1.9292945490755748,-2,-1.9292945490755748,10.000000000000009,10.001929294549084,11,11.321904167713837,false
pr,ideal-support-3-raise-0.001,XY,2.7755575615628914e-11,0,2.7755575615628914e-11,10.000000000000009,9.99999999999998,11,10.999999999996817,false
pr,ideal-support-3-raise-0.001,XZ,-0.03428712490663455,0,-0.03428712490663455,10.000000000000009,10.000034287124915,11,11.005714520817484,false
pr,ideal-support-3-raise-0.001,YZ,0.19293531548086884,0,0.19293531548086884,10.000000000000009,9.999807064684529,11,10.967847779434736,false
pr,ideal-support-3-lower-0.001,XY,2.7755575615628914e-11,0,2.7755575615628914e-11,10.000000000000009,9.99999999999998,11,10.999999999996817,false
pr,ideal-support-3-lower-0.001,XZ,0.03428704388117043,0,0.03428704388117043,10.000000000000009,9.999965712956127,11,10.994285492686181,false
pr,ideal-support-3-lower-0.001,YZ,-0.19293424989054453,0,-0.19293424989054453,10.000000000000009,10.000192934249899,11,11.032159352293046,false
pr,ideal-support-3-raise-0.01,XY,2.7755575615628914e-11,0,2.7755575615628914e-11,10.000000000000009,9.99999999999998,11,10.999999999997108,false
pr,ideal-support-3-raise-0.01,XZ,-0.34287490036609414,0,-0.34287490036609414,10.000000000000009,10.000342874900374,11,11.057145816504482,false
pr,ideal-support-3-raise-0.01,YZ,1.929401103144962,+2,1.9294011031432272,10.000000000000009,9.998070598896865,11,10.678809613022828,false
pr,ideal-support-3-lower-0.01,XY,5.551115123125783e-11,0,5.551115123125783e-11,10.000000000000009,9.999999999999954,11,10.999999999992482,false
pr,ideal-support-3-lower-0.01,XZ,0.3428667878866559,0,0.3428667878866559,10.000000000000009,9.999657133212121,11,10.942855535129022,false
pr,ideal-support-3-lower-0.01,YZ,-1.9292945490755748,-2,-1.9292945490755748,10.000000000000009,10.001929294549084,11,11.321904167713837,false
pr,ideal-support-4-raise-0.001,XY,0.19637151042750656,0,0.19637151042577183,10.000000000000012,9.999803628489586,11,10.967271414931062,false
pr,ideal-support-4-raise-0.001,XZ,-0.046814948490708774,0,-0.046814948490708774,10.000000000000002,10.000046814948492,11,11.007802491414537,false
pr,ideal-support-4-raise-0.001,YZ,0.08695649482762247,0,0.08695649482935719,10.00000000000007,9.99991304350524,11,10.98550816573673,false
pr,ideal-support-4-lower-0.001,XY,-0.1963714563041341,0,-0.19637145630586883,10.000000000000012,10.000196371456319,11,11.032728576053003,false
pr,ideal-support-4-lower-0.001,XZ,0.04681516739199476,0,0.04681516739199476,10.000000000000002,9.99995318483261,11,10.992197472100756,false
pr,ideal-support-4-lower-0.001,YZ,-0.08695654827098331,0,-0.08695654826924859,10.00000000000007,10.000086956548339,11,11.01449367051193,false
pr,ideal-support-4-raise-0.01,XY,1.9637175195479084,+2,1.9637175195479084,9.999999999999988,9.99803628248044,11,10.672713746739994,false
pr,ideal-support-4-raise-0.01,XZ,-0.46813963864265895,0,-0.46813963864265895,10,10.000468139638643,11,11.078023273077333,false
pr,ideal-support-4-raise-0.01,YZ,0.86956251820966,+1,0.8695625182044558,9.999999999999986,9.999130437481782,11,10.855165499047226,false
pr,ideal-support-4-lower-0.01,XY,-1.9637121475620662,-2,-1.9637121475620662,9.999999999999988,10.00196371214755,11,11.327285357924985,false
pr,ideal-support-4-lower-0.01,XZ,0.4681615128326183,0,0.4681615128308836,9.999999999999998,9.999531838487167,11,10.921973081164792,false
pr,ideal-support-4-lower-0.01,YZ,-0.8695679167974868,-1,-0.869567916802691,9.999999999999986,10.000869567916789,11,11.14501816326191,false
pr,ideal-support-5-raise-0.001,XY,-0.19637150493016786,0,-0.19637150493190259,10.000000000000012,10.000196371504945,11,11.03272858415734,false
pr,ideal-support-5-raise-0.001,XZ,0.04681496417954789,0,0.04681496417954789,10.000000000000002,9.999953185035823,11,10.9921975059695,false
pr,ideal-support-5-raise-0.001,YZ,0.08695649482762247,0,0.08695649482935719,10.00000000000007,9.99991304350524,11,10.98550816573673,false
pr,ideal-support-5-lower-0.001,XY,0.196371462245562,0,0.1963714622438273,10.000000000000012,9.99980362853777,11,10.967271422961389,false
pr,ideal-support-5-lower-0.001,XZ,-0.046815150676199346,0,-0.046815150676199346,10.000000000000002,10.000046815150679,11,11.007802525112119,false
pr,ideal-support-5-lower-0.001,YZ,-0.08695654827098331,0,-0.08695654826924859,10.00000000000007,10.000086956548339,11,11.01449367051193,false
pr,ideal-support-5-raise-0.01,XY,-1.9637169855948184,-2,-1.9637169855948184,9.999999999999988,10.001963716985584,11,11.327286164263782,false
pr,ideal-support-5-raise-0.01,XZ,0.4681412569089438,0,0.46814125690547437,9.999999999999998,9.999531858743094,11,10.921976457152068,false
pr,ideal-support-5-raise-0.01,YZ,0.86956251820966,+1,0.8695625182044558,9.999999999999986,9.999130437481782,11,10.855165499047226,false
pr,ideal-support-5-lower-0.01,XY,1.963712681780569,+2,1.963712681780569,9.999999999999988,9.998036287318207,11,10.672714553034545,false
pr,ideal-support-5-lower-0.01,XZ,-0.4681598935359077,0,-0.4681598935359077,9.999999999999998,10.000468159893535,11,11.078026648892878,false
pr,ideal-support-5-lower-0.01,YZ,-0.8695679167974868,-1,-0.869567916802691,9.999999999999986,10.000869567916789,11,11.14501816326191,false
pr,ideal-support-6-raise-0.001,XY,-0.19637145613586593,0,-0.19637145613760065,9.999999999999998,10.000196371456136,11,11.032728576023509,false
pr,ideal-support-6-raise-0.001,XZ,0.05934301400452313,0,0.05934301400278841,9.999999999999995,9.999940656985991,11,10.990109497666204,false
pr,ideal-support-6-raise-0.001,YZ,-0.12228260792661316,0,-0.12228260792661316,9.999999999999964,10.00012228260789,11,11.020380434648366,false
pr,ideal-support-6-lower-0.001,XY,0.1963715101794411,0,0.19637151017770638,9.999999999999998,9.99980362848982,11,10.96727141497096,false
pr,ideal-support-6-lower-0.001,XZ,-0.05934304808490054,0,-0.059343048086635264,9.999999999999995,10.00005934304808,11,11.009890508014436,false
pr,ideal-support-6-lower-0.001,YZ,0.12228260881826103,0,0.12228260881826103,9.999999999999964,9.999877717391145,11,10.979619565190887,false
pr,ideal-support-6-raise-0.01,XY,-1.9637121483929987,-2,-1.9637121483929987,10.000000000000007,10.0019637121484,11,11.32728535806752,false
pr,ideal-support-6-raise-0.01,XZ,0.5934286477406875,+1,0.5934286477406875,9.999999999999998,9.999406571352258,11,10.901095225377134,false
pr,ideal-support-6-raise-0.01,YZ,-1.2228260869457523,-1,-1.2228260869457523,10.00000000000005,10.001222826086996,11,11.203804347832389,false
pr,ideal-support-6-lower-0.01,XY,1.9637175191888208,+2,1.9637175191888208,10.000000000000009,9.99803628248082,11,10.67271374680331,false
pr,ideal-support-6-lower-0.01,XZ,-0.5934319663603721,-1,-0.5934319663621068,9.999999999999998,10.00059343196636,11,11.098905327726726,false
pr,ideal-support-6-lower-0.01,YZ,1.222826087167797,+1,1.222826087167797,10.00000000000005,9.998777173912883,11,10.796195652146793,false
pr,ideal-support-7-raise-0.001,XY,0.1963714618309631,0,0.19637146182922838,9.999999999999998,9.999803628538169,11,10.96727142302904,false
pr,ideal-support-7-raise-0.001,XZ,-0.05934300375924628,0,-0.059343003760981006,9.999999999999995,10.000059343003755,11,11.009890500626831,false
pr,ideal-support-7-raise-0.001,YZ,-0.12228260792661316,0,-0.12228260792661316,9.999999999999964,10.00012228260789,11,11.020380434648366,false
pr,ideal-support-7-lower-0.001,XY,-0.1963715044826092,0,-0.19637150448607865,10,10.000196371504487,11,11.032728584081305,false
pr,ideal-support-7-lower-0.001,XZ,0.059343057554755996,0,0.05934305755128655,9.999999999999996,9.999940656942446,11,10.990109490407832,false
pr,ideal-support-7-lower-0.001,YZ,0.12228260881826103,0,0.12228260881826103,9.999999999999964,9.999877717391145,11,10.979619565190887,false
pr,ideal-support-7-raise-0.01,XY,1.963712681058924,+2,1.963712681058924,10.000000000000007,9.998036287318948,11,10.672714553158869,false
pr,ideal-support-7-raise-0.01,XZ,-0.5934275940488315,-1,-0.5934275940488315,9.999999999999998,10.000593427594048,11,11.09890459900872,false
pr,ideal-support-7-raise-0.01,YZ,-1.2228260869457523,-1,-1.2228260869457523,10.00000000000005,10.001222826086996,11,11.203804347832389,false
pr,ideal-support-7-lower-0.01,XY,-1.963716985898395,-2,-1.963716985898395,10.000000000000009,10.001963716985907,11,11.327286164317847,false
pr,ideal-support-7-lower-0.01,XZ,0.5934330200175336,+1,0.5934330200157989,9.999999999999998,9.999406566979983,11,10.901094496663745,false
pr,ideal-support-7-lower-0.01,YZ,1.222826087167797,+1,1.222826087167797,10.00000000000005,9.998777173912883,11,10.796195652146793,false
pr,used-flat,XY,16.958999991522823,+17,16.958999991517622,10.000000000000009,9.983041000008491,11,8.173500001415174,false
pr,used-flat,XZ,8.12899999891835,+8,8.128999998913145,10.000000000000009,9.991871000001096,11,9.645166666849256,false
pr,used-flat,YZ,14.119999995145655,+14,14.11999999514392,10.000000000000107,9.985880000004961,11,8.646666667494227,false
pr,used-support-0-raise-0.001,XY,16.958999991632112,+17,16.958999991628644,10.000000000000009,9.983041000008381,11,8.173500001397539,false
pr,used-support-0-raise-0.001,XZ,8.082185931575225,+8,8.082185931571756,10.000000000000009,9.991917814068437,11,9.652969011402398,false
pr,used-support-0-raise-0.001,YZ,13.962393565996809,+14,13.96239356599334,10.000000000000107,9.986037606434113,11,8.672935564524625,false
pr,used-support-0-lower-0.001,XY,16.958999991632112,+17,16.958999991628644,10.000000000000009,9.983041000008381,11,8.173500001397539,false
pr,used-support-0-lower-0.001,XZ,8.175814043470675,+8,8.175814043467206,10.000000000000009,9.991824185956542,11,9.637364326086484,false
pr,used-support-0-lower-0.001,YZ,14.277606816772218,+14,14.277606816770483,10.000000000000107,9.985722393183336,11,8.620400029791352,false
pr,used-support-0-raise-0.01,XY,16.95899999130078,+17,16.958999991295578,10.000000000000009,9.983041000008713,11,8.17350000145247,false
pr,used-support-0-raise-0.01,XZ,7.660858300444218,+8,7.660858300440748,10.000000000000009,9.992339141699569,11,9.723190282842673,false
pr,used-support-0-raise-0.01,YZ,12.543953340580366,+13,12.543953340578632,10.000000000000107,9.987456046659528,11,8.909453917707205,false
pr,used-support-0-lower-0.01,XY,16.958999991522823,+17,16.958999991517622,10.000000000000009,9.983041000008491,11,8.173500001415466,false
pr,used-support-0-lower-0.01,XZ,8.597139419469837,+9,8.597139419466368,10.000000000000009,9.991402860580543,11,9.567143429671738,false
pr,used-support-0-lower-0.01,YZ,15.69608584925386,+16,15.696085849252125,10.000000000000107,9.984303914150853,11,8.384105569130194,false
pr,used-support-1-raise-0.001,XY,16.958999991382314,+17,16.958999991378843,10.000000000000009,9.98304100000863,11,8.173500001439173,false
pr,used-support-1-raise-0.001,XZ,8.175814065649115,+8,8.175814065645644,10.000000000000009,9.991824185934362,11,9.637364322390077,false
pr,used-support-1-raise-0.001,YZ,13.962389426355054,+14,13.962389426353319,10.000000000000107,9.986037610573753,11,8.672936254464247,false
pr,used-support-1-lower-0.001,XY,16.958999991410067,+17,16.9589999914066,10.000000000000009,9.983041000008603,11,8.173500001434547,false
pr,used-support-1-lower-0.001,XZ,8.08218595375193,+8,8.08218595374846,10.000000000000009,9.99191781404626,11,9.652969007706275,false
pr,used-support-1-lower-0.001,YZ,14.277610956412238,+14,14.277610956407033,10.000000000000107,9.9857223890437,11,8.62039933985202,false
pr,used-support-1-raise-0.01,XY,16.95899999130078,+17,16.958999991295578,10.000000000000009,9.983041000008713,11,8.17350000145247,false
pr,used-support-1-raise-0.01,XZ,8.597141626770153,+9,8.597141626766684,10.000000000000009,9.991402858373242,11,9.56714306178835,false
pr,used-support-1-raise-0.01,YZ,12.543911944698852,+13,12.543911944697117,10.000000000000107,9.987456088055408,11,8.909460816933437,false
pr,used-support-1-lower-0.01,XY,16.958999991744868,+17,16.958999991739667,10.000000000000009,9.983041000008269,11,8.173500001378457,false
pr,used-support-1-lower-0.01,XZ,7.660860507716777,+8,7.660860507713307,10.000000000000009,9.992339139492296,11,9.723189914963918,false
pr,used-support-1-lower-0.01,YZ,15.6961272450417,+16,15.696127245036495,10.000000000000107,9.984303872755069,11,8.384098669931445,false
pr,used-support-2-raise-0.001,XY,16.95899999135629,+17,16.958999991351085,10.000000000000009,9.983041000008658,11,8.173500001442932,false
pr,used-support-2-raise-0.001,XZ,8.163291318799212,+8,8.163291318794009,10.000000000000009,9.991836708681214,11,9.639451446867376,false
pr,used-support-2-raise-0.001,YZ,14.31293095981688,+14,14.312930959811677,10.000000000000107,9.985687069040294,11,8.61451617352301,false
pr,used-support-2-lower-0.001,XY,16.958999991578334,+17,16.95899999157313,10.000000000000009,9.983041000008436,11,8.173500001405923,false
pr,used-support-2-lower-0.001,XZ,8.094708770452208,+8,8.094708770447005,10.000000000000009,9.991905291229562,11,9.650881871591878,false
pr,used-support-2-lower-0.001,YZ,13.927070096295472,+14,13.927070096292002,10.000000000000107,9.986072929903814,11,8.678826282858358,false
pr,used-support-2-raise-0.01,XY,16.958999991384047,+17,16.958999991378843,10.000000000000009,9.98304100000863,11,8.173500001438594,false
pr,used-support-2-raise-0.01,XZ,8.471917302261406,+8,8.471917302257935,10.000000000000009,9.991528082697752,11,9.588013782734105,false
pr,used-support-2-raise-0.01,YZ,16.049357588405684,+16,16.049357588400483,10.000000000000107,9.983950642411706,11,8.325589960491332,false
pr,used-support-2-lower-0.01,XY,16.958999991578334,+17,16.95899999157313,10.000000000000009,9.983041000008436,11,8.173500001406214,false
pr,used-support-2-lower-0.01,XZ,7.786091818968305,+8,7.786091818964835,10.000000000000009,9.992213908181045,11,9.70231802994962,false
pr,used-support-2-lower-0.01,YZ,12.190748955798886,+12,12.190748955795417,10.000000000000107,9.987809251044311,11,8.968656769351714,false
pr,used-support-3-raise-0.001,XY,16.958999991384047,+17,16.958999991378843,10.000000000000009,9.98304100000863,11,8.173500001438306,false
pr,used-support-3-raise-0.001,XZ,8.094708684231247,+8,8.094708684226044,10.000000000000009,9.991905291315783,11,9.650881885962036,false
pr,used-support-3-raise-0.001,YZ,14.312939660778706,+14,14.312939660773502,10.000000000000107,9.985687060339332,11,8.61451472336378,false
pr,used-support-3-lower-0.001,XY,16.958999991384047,+17,16.958999991378843,10.000000000000009,9.98304100000863,11,8.173500001438306,false
pr,used-support-3-lower-0.001,XZ,8.163291232606007,+8,8.163291232600804,10.000000000000009,9.991836708767408,11,9.639451461232909,false
pr,used-support-3-lower-0.001,YZ,13.927061395342319,+14,13.927061395337114,10.000000000000107,9.986072938604769,11,8.678827733016156,false
pr,used-support-3-raise-0.01,XY,16.958999991578334,+17,16.95899999157313,10.000000000000009,9.983041000008436,11,8.173500001406214,false
pr,used-support-3-raise-0.01,XZ,7.786083200988711,+8,7.786083200985241,10.000000000000009,9.992213916799024,11,9.702319466279551,false
pr,used-support-3-raise-0.01,YZ,16.049444598671,+16,16.049444598665794,10.000000000000107,9.98395055540144,11,8.325575459622005,false
pr,used-support-3-lower-0.01,XY,16.958999991606092,+17,16.958999991600887,10.000000000000009,9.983041000008408,11,8.173500001401585,false
pr,used-support-3-lower-0.01,XZ,8.471908684283546,+8,8.471908684280077,10.000000000000009,9.991528091315729,11,9.588015219063745,false
pr,used-support-3-lower-0.01,YZ,12.190661946713185,+12,12.190661946707982,10.000000000000107,9.987809338053397,11,8.968671270141076,false
pr,used-support-4-raise-0.001,XY,17.15537150086266,+17,17.15537150085919,10.000000000000014,9.982844628499155,11,8.140771416525492,false
pr,used-support-4-raise-0.001,XZ,8.082174343641487,+8,8.082174343639753,10.000000000000002,9.991917825656362,11,9.65297094272642,false
pr,used-support-4-raise-0.001,YZ,14.206957014142526,+14,14.206957014142526,9.99999999999992,9.985793042985778,11,8.63217499527768,false
pr,used-support-4-lower-0.001,XY,16.762628535874416,+17,16.762628535872683,10.000000000000012,9.98323737146414,11,8.206228577356576,false
pr,used-support-4-lower-0.001,XZ,8.175825873332418,+8,8.175825873332418,10.000000000000002,9.99182417412667,11,9.637362354444022,false
pr,used-support-4-lower-0.001,YZ,14.03304292180163,+14,14.033042921803366,9.999999999999964,9.98596695707816,11,8.661160673444444,false
pr,used-support-4-raise-0.01,XY,18.922717506572596,+19,18.92271750657433,9.999999999999988,9.981077282493414,11,7.8462137489022545,false
pr,used-support-4-raise-0.01,XZ,7.660753289978617,+8,7.660753289980351,10,9.99233924671002,11,9.7232077849735,false
pr,used-support-4-raise-0.01,YZ,14.989567756289873,+15,14.989567756288139,10.0000000000001,9.985010432243811,11,8.501856924480085,false
pr,used-support-4-lower-0.01,XY,14.995287846335595,+15,14.99528784633386,9.999999999999988,9.985004712153653,11,8.500785358942043,false
pr,used-support-4-lower-0.01,XZ,8.597268581760076,+9,8.597268581760076,9.999999999999998,9.991402731418239,11,9.567121903010214,false
pr,used-support-4-lower-0.01,YZ,13.25042683397032,+13,13.250426833965115,10.000000000000075,9.98674957316611,11,8.7917098468633,false
pr,used-support-5-raise-0.001,XY,16.762628487054094,+17,16.762628487052357,10.000000000000012,9.98323737151296,11,8.2062285854933,false
pr,used-support-5-raise-0.001,XZ,8.17582567012344,+8,8.17582567012344,10.000000000000002,9.991824174329878,11,9.63736238831276,false
pr,used-support-5-raise-0.001,YZ,14.206955964792684,+14,14.206955964794417,9.999999999999964,9.98579304403517,11,8.632175170175946,false
pr,used-support-5-lower-0.001,XY,17.155371453154295,+17,17.155371453150824,10.000000000000012,9.98284462854686,11,8.140771424477176,false
pr,used-support-5-lower-0.001,XZ,8.08217414134324,+8,8.08217414134324,10.000000000000002,9.991917825858659,11,9.652970976442795,false
pr,used-support-5-lower-0.001,YZ,14.033043971154942,+14,14.033043971154942,9.99999999999992,9.985966956028765,11,8.66116049854531,false
pr,used-support-5-raise-0.01,XY,14.995283008330599,+15,14.995283008330599,9.999999999999988,9.985004716991657,11,8.500786165276498,false
pr,used-support-5-raise-0.01,XZ,8.597248326835603,+9,8.597248326833867,9.999999999999998,9.991402751673165,11,9.56712527883096,false
pr,used-support-5-raise-0.01,YZ,14.989557262637051,+15,14.989557262633582,10.000000000000075,9.98501044273744,11,8.501858673394397,false
pr,used-support-5-lower-0.01,XY,18.922712669055056,+19,18.92271266905679,9.999999999999988,9.981077287330931,11,7.8462145551551785,false
pr,used-support-5-lower-0.01,XZ,7.660733034172903,+8,7.660733034171169,9.999999999999998,9.992339266965827,11,9.723211160941407,false
pr,used-support-5-lower-0.01,YZ,13.250437328233764,+13,13.250437328232028,10.0000000000001,9.986749562671868,11,8.791708097845646,false
pr,used-support-6-raise-0.001,XY,16.76262853492379,+17,16.762628534920317,10,9.98323737146508,11,8.20622857751357,false
pr,used-support-6-raise-0.001,XZ,8.188348528635759,+8,8.188348528635759,9.999999999999996,9.99181165147136,11,9.63527524522766,false
pr,used-support-6-raise-0.001,YZ,13.997719142927467,+14,13.997719142923998,10.000000000000083,9.986002280857159,11,8.667046809526834,false
pr,used-support-6-lower-0.001,XY,17.15537150089562,+17,17.15537150089562,9.999999999999998,9.982844628499103,11,8.140771416517396,false
pr,used-support-6-lower-0.001,XZ,8.069651435385975,+8,8.069651435385975,9.999999999999996,9.99193034856461,11,9.655058094102046,false
pr,used-support-6-lower-0.001,YZ,14.242280847349964,+14,14.242280847349964,10.000000000000036,9.985757719152685,11,8.626286525447455,false
pr,used-support-6-raise-0.01,XY,14.995287845315577,+15,14.995287845312108,10.000000000000007,9.985004712154694,11,8.500785359116094,false
pr,used-support-6-raise-0.01,XZ,8.722483803815656,+9,8.722483803815656,9.999999999999998,9.991277516196183,11,9.546252699364636,false
pr,used-support-6-raise-0.01,YZ,12.897191471614168,+13,12.897191471614168,9.999999999999941,9.987102808528327,11,8.850468088054477,false
pr,used-support-6-lower-0.01,XY,18.922717506583002,+19,18.922717506583002,10.000000000000009,9.981077282493425,11,7.84621374890428,false
pr,used-support-6-lower-0.01,XZ,7.535512875236558,+8,7.535512875234823,9.999999999999998,9.992464487124764,11,9.744081187460573,false
pr,used-support-6-lower-0.01,YZ,15.342808518146317,+15,15.342808518146317,9.999999999999908,9.984657191481762,11,8.44286524696,false
pr,used-support-7-raise-0.001,XY,17.15537145318552,+17,17.15537145318552,9.999999999999998,9.982844628546813,11,8.14077142446908,false
pr,used-support-7-raise-0.001,XZ,8.069651479685607,+8,8.069651479685607,9.999999999999995,9.99193034852031,11,9.655058086719066,false
pr,used-support-7-raise-0.001,YZ,13.997715630747336,+14,13.997715630747336,10.000000000000039,9.986002284369292,11,8.667047394881514,false
pr,used-support-7-lower-0.001,XY,16.762628486988174,+17,16.762628486984703,9.999999999999998,9.983237371513013,11,8.20622858550255,false
pr,used-support-7-lower-0.001,XZ,8.188348572073235,+8,8.188348572071499,9.999999999999995,9.991811651427923,11,9.635275237988083,false
pr,used-support-7-lower-0.001,YZ,14.242284359533564,+14,14.242284359530094,10.000000000000083,9.985757715640553,11,8.626285940092483,false
pr,used-support-7-raise-0.01,XY,18.92271266886597,+19,18.92271266886597,10.000000000000007,9.981077287331141,11,7.84621455519045,false
pr,used-support-7-raise-0.01,XZ,7.535517247988718,+8,7.535517247988718,9.999999999999998,9.992464482752009,11,9.744080458668549,false
pr,used-support-7-raise-0.01,YZ,12.897156352081884,+13,12.897156352081884,9.999999999999908,9.987102843647826,11,8.850473941304074,false
pr,used-support-7-lower-0.01,XY,14.99528300783967,+15,14.995283007836202,10.000000000000009,9.985004716992172,11,8.500786165361788,false
pr,used-support-7-lower-0.01,XZ,8.722488175650147,+9,8.722488175650147,10,9.99127751182435,11,9.546251970724974,false
pr,used-support-7-lower-0.01,YZ,15.342843637900645,+15,15.342843637900645,9.999999999999941,9.98465715636204,11,8.442859393673395,false
