state,kind,item,profile,method,positions,heights,raw_um,display_um
"horizontal-ideal-boundary-central","horizontal","XY","ideal","known dimension/support fixture via evaluate","{""X"":0,""Y"":0,""Z"":0,""A"":0,""C"":0}","[-0.01,0,0,0,0,0,0,0]","5.551115123125783e-11","0"
"horizontal-ideal-boundary-central","horizontal","XZ","ideal","known dimension/support fixture via evaluate","{""X"":0,""Y"":0,""Z"":0,""A"":0,""C"":0}","[-0.01,0,0,0,0,0,0,0]","0.3350965674300127","0"
"horizontal-ideal-boundary-central","horizontal","YZ","ideal","known dimension/support fixture via evaluate","{""X"":0,""Y"":0,""Z"":0,""A"":0,""C"":0}","[-0.01,0,0,0,0,0,0,0]","1.7980428810623201","2"
"horizontal-ideal-boundary-central","horizontal","a","ideal","known dimension/support fixture via evaluate","{""X"":0,""Y"":0,""Z"":0,""A"":0,""C"":0}","[-0.01,0,0,0,0,0,0,0]","0.9594140904008869","1"
"horizontal-ideal-boundary-central","horizontal","b","ideal","known dimension/support fixture via evaluate","{""X"":0,""Y"":0,""Z"":0,""A"":0,""C"":0}","[-0.01,0,0,0,0,0,0,0]","3.012936137617231","3"
"horizontal-ideal-boundary--0.000001","horizontal","XY","ideal","exact analytic boundary plus/minus 1e-6 percent via evaluate","{""X"":0,""Y"":0,""Z"":52.592591592592605,""A"":0,""C"":0}","[-0.01,0,0,0,0,0,0,0]","0","0"
"horizontal-ideal-boundary--0.000001","horizontal","XZ","ideal","exact analytic boundary plus/minus 1e-6 percent via evaluate","{""X"":0,""Y"":0,""Z"":52.592591592592605,""A"":0,""C"":0}","[-0.01,0,0,0,0,0,0,0]","0.27688743458459397","0"
"horizontal-ideal-boundary--0.000001","horizontal","YZ","ideal","exact analytic boundary plus/minus 1e-6 percent via evaluate","{""X"":0,""Y"":0,""Z"":52.592591592592605,""A"":0,""C"":0}","[-0.01,0,0,0,0,0,0,0]","1.6304703236210556","2"
"horizontal-ideal-boundary--0.000001","horizontal","a","ideal","exact analytic boundary plus/minus 1e-6 percent via evaluate","{""X"":0,""Y"":0,""Z"":52.592591592592605,""A"":0,""C"":0}","[-0.01,0,0,0,0,0,0,0]","0.7927237744616983","1"
"horizontal-ideal-boundary--0.000001","horizontal","b","ideal","exact analytic boundary plus/minus 1e-6 percent via evaluate","{""X"":0,""Y"":0,""Z"":52.592591592592605,""A"":0,""C"":0}","[-0.01,0,0,0,0,0,0,0]","3.012941902476307","3"
"horizontal-ideal-boundary-0","horizontal","XY","ideal","exact analytic boundary plus/minus 1e-6 percent via evaluate","{""X"":0,""Y"":0,""Z"":52.5925925925926,""A"":0,""C"":0}","[-0.01,0,0,0,0,0,0,0]","0","0"
"horizontal-ideal-boundary-0","horizontal","XZ","ideal","exact analytic boundary plus/minus 1e-6 percent via evaluate","{""X"":0,""Y"":0,""Z"":52.5925925925926,""A"":0,""C"":0}","[-0.01,0,0,0,0,0,0,0]","0.27688743458459397","0"
"horizontal-ideal-boundary-0","horizontal","YZ","ideal","exact analytic boundary plus/minus 1e-6 percent via evaluate","{""X"":0,""Y"":0,""Z"":52.5925925925926,""A"":0,""C"":0}","[-0.01,0,0,0,0,0,0,0]","1.6304703236210556","2"
"horizontal-ideal-boundary-0","horizontal","a","ideal","exact analytic boundary plus/minus 1e-6 percent via evaluate","{""X"":0,""Y"":0,""Z"":52.5925925925926,""A"":0,""C"":0}","[-0.01,0,0,0,0,0,0,0]","0.7927237744616983","1"
"horizontal-ideal-boundary-0","horizontal","b","ideal","exact analytic boundary plus/minus 1e-6 percent via evaluate","{""X"":0,""Y"":0,""Z"":52.5925925925926,""A"":0,""C"":0}","[-0.01,0,0,0,0,0,0,0]","3.012941902476307","3"
"horizontal-ideal-boundary-0.000001","horizontal","XY","ideal","exact analytic boundary plus/minus 1e-6 percent via evaluate","{""X"":0,""Y"":0,""Z"":52.5925935925926,""A"":0,""C"":0}","[-0.01,0,0,0,0,0,0,0]","0","0"
"horizontal-ideal-boundary-0.000001","horizontal","XZ","ideal","exact analytic boundary plus/minus 1e-6 percent via evaluate","{""X"":0,""Y"":0,""Z"":52.5925935925926,""A"":0,""C"":0}","[-0.01,0,0,0,0,0,0,0]","0.27688743458459397","0"
"horizontal-ideal-boundary-0.000001","horizontal","YZ","ideal","exact analytic boundary plus/minus 1e-6 percent via evaluate","{""X"":0,""Y"":0,""Z"":52.5925935925926,""A"":0,""C"":0}","[-0.01,0,0,0,0,0,0,0]","1.6304703236210556","2"
"horizontal-ideal-boundary-0.000001","horizontal","a","ideal","exact analytic boundary plus/minus 1e-6 percent via evaluate","{""X"":0,""Y"":0,""Z"":52.5925935925926,""A"":0,""C"":0}","[-0.01,0,0,0,0,0,0,0]","0.7927237744616983","1"
"horizontal-ideal-boundary-0.000001","horizontal","b","ideal","exact analytic boundary plus/minus 1e-6 percent via evaluate","{""X"":0,""Y"":0,""Z"":52.5925935925926,""A"":0,""C"":0}","[-0.01,0,0,0,0,0,0,0]","3.012941902476307","3"
"horizontal-ideal-boundary-slider52","horizontal","XY","ideal","real Z slider","{""X"":0,""Y"":0,""Z"":52,""A"":0,""C"":0}","[-0.01,0,0,0,0,0,0,0]","0","0"
"horizontal-ideal-boundary-slider52","horizontal","XZ","ideal","real Z slider","{""X"":0,""Y"":0,""Z"":52,""A"":0,""C"":0}","[-0.01,0,0,0,0,0,0,0]","0.27688743458459397","0"
"horizontal-ideal-boundary-slider52","horizontal","YZ","ideal","real Z slider","{""X"":0,""Y"":0,""Z"":52,""A"":0,""C"":0}","[-0.01,0,0,0,0,0,0,0]","1.6304703236210556","2"
"horizontal-ideal-boundary-slider52","horizontal","a","ideal","real Z slider","{""X"":0,""Y"":0,""Z"":52,""A"":0,""C"":0}","[-0.01,0,0,0,0,0,0,0]","0.7927237744616983","1"
"horizontal-ideal-boundary-slider52","horizontal","b","ideal","real Z slider","{""X"":0,""Y"":0,""Z"":52,""A"":0,""C"":0}","[-0.01,0,0,0,0,0,0,0]","3.012941902476307","3"
"horizontal-ideal-boundary-slider53","horizontal","XY","ideal","real Z slider","{""X"":0,""Y"":0,""Z"":53,""A"":0,""C"":0}","[-0.01,0,0,0,0,0,0,0]","0","0"
"horizontal-ideal-boundary-slider53","horizontal","XZ","ideal","real Z slider","{""X"":0,""Y"":0,""Z"":53,""A"":0,""C"":0}","[-0.01,0,0,0,0,0,0,0]","0.27688743458459397","0"
"horizontal-ideal-boundary-slider53","horizontal","YZ","ideal","real Z slider","{""X"":0,""Y"":0,""Z"":53,""A"":0,""C"":0}","[-0.01,0,0,0,0,0,0,0]","1.6304703236210556","2"
"horizontal-ideal-boundary-slider53","horizontal","a","ideal","real Z slider","{""X"":0,""Y"":0,""Z"":53,""A"":0,""C"":0}","[-0.01,0,0,0,0,0,0,0]","0.7927237744616983","1"
"horizontal-ideal-boundary-slider53","horizontal","b","ideal","real Z slider","{""X"":0,""Y"":0,""Z"":53,""A"":0,""C"":0}","[-0.01,0,0,0,0,0,0,0]","3.012941902476307","3"
"horizontal-used-boundary-central","horizontal","XY","used123456","known dimension/support fixture via evaluate","{""X"":0,""Y"":0,""Z"":0,""A"":0,""C"":0}","[-0.01,0,0,0,0,0,0,0]","16.958999991606092","17"
"horizontal-used-boundary-central","horizontal","XZ","used123456","known dimension/support fixture via evaluate","{""X"":0,""Y"":0,""Z"":0,""A"":0,""C"":0}","[-0.01,0,0,0,0,0,0,0]","8.464089397065832","8"
"horizontal-used-boundary-central","horizontal","YZ","used123456","known dimension/support fixture via evaluate","{""X"":0,""Y"":0,""Z"":0,""A"":0,""C"":0}","[-0.01,0,0,0,0,0,0,0]","15.918028055627447","16"
"horizontal-used-boundary-central","horizontal","a","used123456","known dimension/support fixture via evaluate","{""X"":0,""Y"":0,""Z"":0,""A"":0,""C"":0}","[-0.01,0,0,0,0,0,0,0]","9.083686251191297","9"
"horizontal-used-boundary-central","horizontal","b","used123456","known dimension/support fixture via evaluate","{""X"":0,""Y"":0,""Z"":0,""A"":0,""C"":0}","[-0.01,0,0,0,0,0,0,0]","17.131306271350386","17"
"horizontal-used-boundary--0.000001","horizontal","XY","used123456","exact analytic boundary plus/minus 1e-6 percent via evaluate","{""X"":0,""Y"":0,""Z"":52.592591592592605,""A"":0,""C"":0}","[-0.01,0,0,0,0,0,0,0]","16.958999991772625","17"
"horizontal-used-boundary--0.000001","horizontal","XZ","used123456","exact analytic boundary plus/minus 1e-6 percent via evaluate","{""X"":0,""Y"":0,""Z"":52.592591592592605,""A"":0,""C"":0}","[-0.01,0,0,0,0,0,0,0]","8.405882105223458","8"
"horizontal-used-boundary--0.000001","horizontal","YZ","used123456","exact analytic boundary plus/minus 1e-6 percent via evaluate","{""X"":0,""Y"":0,""Z"":52.592591592592605,""A"":0,""C"":0}","[-0.01,0,0,0,0,0,0,0]","15.750457729316395","16"
"horizontal-used-boundary--0.000001","horizontal","a","used123456","exact analytic boundary plus/minus 1e-6 percent via evaluate","{""X"":0,""Y"":0,""Z"":52.592591592592605,""A"":0,""C"":0}","[-0.01,0,0,0,0,0,0,0]","8.916997181118367","9"
"horizontal-used-boundary--0.000001","horizontal","b","used123456","exact analytic boundary plus/minus 1e-6 percent via evaluate","{""X"":0,""Y"":0,""Z"":52.592591592592605,""A"":0,""C"":0}","[-0.01,0,0,0,0,0,0,0]","17.131365526532743","17"
"horizontal-used-boundary-0","horizontal","XY","used123456","exact analytic boundary plus/minus 1e-6 percent via evaluate","{""X"":0,""Y"":0,""Z"":52.5925925925926,""A"":0,""C"":0}","[-0.01,0,0,0,0,0,0,0]","16.958999991744868","17"
"horizontal-used-boundary-0","horizontal","XZ","used123456","exact analytic boundary plus/minus 1e-6 percent via evaluate","{""X"":0,""Y"":0,""Z"":52.5925925925926,""A"":0,""C"":0}","[-0.01,0,0,0,0,0,0,0]","8.405882105223458","8"
"horizontal-used-boundary-0","horizontal","YZ","used123456","exact analytic boundary plus/minus 1e-6 percent via evaluate","{""X"":0,""Y"":0,""Z"":52.5925925925926,""A"":0,""C"":0}","[-0.01,0,0,0,0,0,0,0]","15.750457729316395","16"
"horizontal-used-boundary-0","horizontal","a","used123456","exact analytic boundary plus/minus 1e-6 percent via evaluate","{""X"":0,""Y"":0,""Z"":52.5925925925926,""A"":0,""C"":0}","[-0.01,0,0,0,0,0,0,0]","8.916997181118367","9"
"horizontal-used-boundary-0","horizontal","b","used123456","exact analytic boundary plus/minus 1e-6 percent via evaluate","{""X"":0,""Y"":0,""Z"":52.5925925925926,""A"":0,""C"":0}","[-0.01,0,0,0,0,0,0,0]","17.131365526532743","17"
"horizontal-used-boundary-0.000001","horizontal","XY","used123456","exact analytic boundary plus/minus 1e-6 percent via evaluate","{""X"":0,""Y"":0,""Z"":52.5925935925926,""A"":0,""C"":0}","[-0.01,0,0,0,0,0,0,0]","16.958999991772625","17"
"horizontal-used-boundary-0.000001","horizontal","XZ","used123456","exact analytic boundary plus/minus 1e-6 percent via evaluate","{""X"":0,""Y"":0,""Z"":52.5925935925926,""A"":0,""C"":0}","[-0.01,0,0,0,0,0,0,0]","8.405882105223458","8"
"horizontal-used-boundary-0.000001","horizontal","YZ","used123456","exact analytic boundary plus/minus 1e-6 percent via evaluate","{""X"":0,""Y"":0,""Z"":52.5925935925926,""A"":0,""C"":0}","[-0.01,0,0,0,0,0,0,0]","15.750457729316395","16"
"horizontal-used-boundary-0.000001","horizontal","a","used123456","exact analytic boundary plus/minus 1e-6 percent via evaluate","{""X"":0,""Y"":0,""Z"":52.5925935925926,""A"":0,""C"":0}","[-0.01,0,0,0,0,0,0,0]","8.916997181118367","9"
"horizontal-used-boundary-0.000001","horizontal","b","used123456","exact analytic boundary plus/minus 1e-6 percent via evaluate","{""X"":0,""Y"":0,""Z"":52.5925935925926,""A"":0,""C"":0}","[-0.01,0,0,0,0,0,0,0]","17.131365526532743","17"
"horizontal-used-boundary-slider52","horizontal","XY","used123456","real Z slider","{""X"":0,""Y"":0,""Z"":52,""A"":0,""C"":0}","[-0.01,0,0,0,0,0,0,0]","16.958999991578334","17"
"horizontal-used-boundary-slider52","horizontal","XZ","used123456","real Z slider","{""X"":0,""Y"":0,""Z"":52,""A"":0,""C"":0}","[-0.01,0,0,0,0,0,0,0]","8.405882105223458","8"
"horizontal-used-boundary-slider52","horizontal","YZ","used123456","real Z slider","{""X"":0,""Y"":0,""Z"":52,""A"":0,""C"":0}","[-0.01,0,0,0,0,0,0,0]","15.750457729316395","16"
"horizontal-used-boundary-slider52","horizontal","a","used123456","real Z slider","{""X"":0,""Y"":0,""Z"":52,""A"":0,""C"":0}","[-0.01,0,0,0,0,0,0,0]","8.916997181118367","9"
"horizontal-used-boundary-slider52","horizontal","b","used123456","real Z slider","{""X"":0,""Y"":0,""Z"":52,""A"":0,""C"":0}","[-0.01,0,0,0,0,0,0,0]","17.131365526532743","17"
"horizontal-used-boundary-slider53","horizontal","XY","used123456","real Z slider","{""X"":0,""Y"":0,""Z"":53,""A"":0,""C"":0}","[-0.01,0,0,0,0,0,0,0]","16.95899999155058","17"
"horizontal-used-boundary-slider53","horizontal","XZ","used123456","real Z slider","{""X"":0,""Y"":0,""Z"":53,""A"":0,""C"":0}","[-0.01,0,0,0,0,0,0,0]","8.405882105223458","8"
"horizontal-used-boundary-slider53","horizontal","YZ","used123456","real Z slider","{""X"":0,""Y"":0,""Z"":53,""A"":0,""C"":0}","[-0.01,0,0,0,0,0,0,0]","15.750457729316395","16"
"horizontal-used-boundary-slider53","horizontal","a","used123456","real Z slider","{""X"":0,""Y"":0,""Z"":53,""A"":0,""C"":0}","[-0.01,0,0,0,0,0,0,0]","8.916997181118367","9"
"horizontal-used-boundary-slider53","horizontal","b","used123456","real Z slider","{""X"":0,""Y"":0,""Z"":53,""A"":0,""C"":0}","[-0.01,0,0,0,0,0,0,0]","17.131365526532743","17"
"horizontal-ideal-posture-flat","horizontal","XY","ideal","known fixture via evaluate","{""X"":0,""Y"":0,""Z"":0,""A"":0,""C"":0}","[0,0,0,0,0,0,0,0]","0","0"
"horizontal-ideal-posture-flat","horizontal","XZ","ideal","known fixture via evaluate","{""X"":0,""Y"":0,""Z"":0,""A"":0,""C"":0}","[0,0,0,0,0,0,0,0]","0","0"
"horizontal-ideal-posture-flat","horizontal","YZ","ideal","known fixture via evaluate","{""X"":0,""Y"":0,""Z"":0,""A"":0,""C"":0}","[0,0,0,0,0,0,0,0]","0","0"
"horizontal-ideal-posture-flat","horizontal","a","ideal","known fixture via evaluate","{""X"":0,""Y"":0,""Z"":0,""A"":0,""C"":0}","[0,0,0,0,0,0,0,0]","0","0"
"horizontal-ideal-posture-flat","horizontal","b","ideal","known fixture via evaluate","{""X"":0,""Y"":0,""Z"":0,""A"":0,""C"":0}","[0,0,0,0,0,0,0,0]","0","0"
"horizontal-ideal-posture-.01","horizontal","XY","ideal","known fixture via evaluate","{""X"":0,""Y"":0,""Z"":0,""A"":0,""C"":0}","[0.025024,-0.025024,0.008341333333333334,-0.008341333333333334,-0.008341333333333333,0.008341333333333333,-0.025024,0.025024]","6.552002967714563","7"
"horizontal-ideal-posture-.01","horizontal","XZ","ideal","known fixture via evaluate","{""X"":0,""Y"":0,""Z"":0,""A"":0,""C"":0}","[0.025024,-0.025024,0.008341333333333334,-0.008341333333333334,-0.008341333333333333,0.008341333333333333,-0.025024,0.025024]","-3.960000718531906","-4"
"horizontal-ideal-posture-.01","horizontal","YZ","ideal","known fixture via evaluate","{""X"":0,""Y"":0,""Z"":0,""A"":0,""C"":0}","[0.025024,-0.025024,0.008341333333333334,-0.008341333333333334,-0.008341333333333333,0.008341333333333333,-0.025024,0.025024]","0.00004760824373617467","0"
"horizontal-ideal-posture-.01","horizontal","a","ideal","known fixture via evaluate","{""X"":0,""Y"":0,""Z"":0,""A"":0,""C"":0}","[0.025024,-0.025024,0.008341333333333334,-0.008341333333333334,-0.008341333333333333,0.008341333333333333,-0.025024,0.025024]","-5.669999999700915","-6"
"horizontal-ideal-posture-.01","horizontal","b","ideal","known fixture via evaluate","{""X"":0,""Y"":0,""Z"":0,""A"":0,""C"":0}","[0.025024,-0.025024,0.008341333333333334,-0.008341333333333334,-0.008341333333333333,0.008341333333333333,-0.025024,0.025024]","-0.0006344730140578347","0"
"horizontal-ideal-posture--.01","horizontal","XY","ideal","known fixture via evaluate","{""X"":0,""Y"":0,""Z"":0,""A"":0,""C"":0}","[-0.025024,0.025024,-0.008341333333333334,0.008341333333333334,0.008341333333333333,-0.008341333333333333,0.025024,-0.025024]","-6.551997027377798","-7"
"horizontal-ideal-posture--.01","horizontal","XZ","ideal","known fixture via evaluate","{""X"":0,""Y"":0,""Z"":0,""A"":0,""C"":0}","[-0.025024,0.025024,-0.008341333333333334,0.008341333333333334,0.008341333333333333,-0.008341333333333333,0.025024,-0.025024]","3.959999278220494","4"
"horizontal-ideal-posture--.01","horizontal","YZ","ideal","known fixture via evaluate","{""X"":0,""Y"":0,""Z"":0,""A"":0,""C"":0}","[-0.025024,0.025024,-0.008341333333333334,0.008341333333333334,0.008341333333333333,-0.008341333333333333,0.025024,-0.025024]","0.00004760824373617467","0"
"horizontal-ideal-posture--.01","horizontal","a","ideal","known fixture via evaluate","{""X"":0,""Y"":0,""Z"":0,""A"":0,""C"":0}","[-0.025024,0.025024,-0.008341333333333334,0.008341333333333334,0.008341333333333333,-0.008341333333333333,0.025024,-0.025024]","5.669999999721731","6"
"horizontal-ideal-posture--.01","horizontal","b","ideal","known fixture via evaluate","{""X"":0,""Y"":0,""Z"":0,""A"":0,""C"":0}","[-0.025024,0.025024,-0.008341333333333334,0.008341333333333334,0.008341333333333333,-0.008341333333333333,0.025024,-0.025024]","-0.0006344730140578347","0"
"horizontal-ideal-posture-.05","horizontal","XY","ideal","known fixture via evaluate","{""X"":0,""Y"":0,""Z"":0,""A"":0,""C"":0}","[0.12512,-0.12512,0.04170666666666668,-0.04170666666666668,-0.041706666666666656,0.041706666666666656,-0.12512,0.12512]","32.76007388910117","33"
"horizontal-ideal-posture-.05","horizontal","XZ","ideal","known fixture via evaluate","{""X"":0,""Y"":0,""Z"":0,""A"":0,""C"":0}","[0.12512,-0.12512,0.04170666666666668,-0.04170666666666668,-0.041706666666666656,0.041706666666666656,-0.12512,0.12512]","-19.800017823147844","-20"
"horizontal-ideal-posture-.05","horizontal","YZ","ideal","known fixture via evaluate","{""X"":0,""Y"":0,""Z"":0,""A"":0,""C"":0}","[0.12512,-0.12512,0.04170666666666668,-0.04170666666666668,-0.041706666666666656,0.041706666666666656,-0.12512,0.12512]","0.0011902051497147959","0"
"horizontal-ideal-posture-.05","horizontal","a","ideal","known fixture via evaluate","{""X"":0,""Y"":0,""Z"":0,""A"":0,""C"":0}","[0.12512,-0.12512,0.04170666666666668,-0.04170666666666668,-0.041706666666666656,0.041706666666666656,-0.12512,0.12512]","-28.349999963681732","-28"
"horizontal-ideal-posture-.05","horizontal","b","ideal","known fixture via evaluate","{""X"":0,""Y"":0,""Z"":0,""A"":0,""C"":0}","[0.12512,-0.12512,0.04170666666666668,-0.04170666666666668,-0.041706666666666656,0.041706666666666656,-0.12512,0.12512]","-0.015861830279795264","0"
"horizontal-ideal-posture--.05","horizontal","XY","ideal","known fixture via evaluate","{""X"":0,""Y"":0,""Z"":0,""A"":0,""C"":0}","[-0.12512,0.12512,-0.04170666666666668,0.04170666666666668,0.041706666666666656,-0.041706666666666656,0.12512,-0.12512]","-32.759925389745995","-33"
"horizontal-ideal-posture--.05","horizontal","XZ","ideal","known fixture via evaluate","{""X"":0,""Y"":0,""Z"":0,""A"":0,""C"":0}","[-0.12512,0.12512,-0.04170666666666668,0.04170666666666668,0.041706666666666656,-0.041706666666666656,0.12512,-0.12512]","19.7999818219146","20"
"horizontal-ideal-posture--.05","horizontal","YZ","ideal","known fixture via evaluate","{""X"":0,""Y"":0,""Z"":0,""A"":0,""C"":0}","[-0.12512,0.12512,-0.04170666666666668,0.04170666666666668,0.041706666666666656,-0.041706666666666656,0.12512,-0.12512]","0.0011902051497147959","0"
"horizontal-ideal-posture--.05","horizontal","a","ideal","known fixture via evaluate","{""X"":0,""Y"":0,""Z"":0,""A"":0,""C"":0}","[-0.12512,0.12512,-0.04170666666666668,0.04170666666666668,0.041706666666666656,-0.041706666666666656,0.12512,-0.12512]","28.349999963678265","28"
"horizontal-ideal-posture--.05","horizontal","b","ideal","known fixture via evaluate","{""X"":0,""Y"":0,""Z"":0,""A"":0,""C"":0}","[-0.12512,0.12512,-0.04170666666666668,0.04170666666666668,0.041706666666666656,-0.041706666666666656,0.12512,-0.12512]","-0.015861830279795264","0"
"horizontal-ideal-B-original","horizontal","XY","ideal","flat fixture","{""X"":0,""Y"":0,""Z"":0,""A"":0,""C"":0}","[0,0,0,0,0,0,0,0]","0","0"
"horizontal-ideal-B-original","horizontal","XZ","ideal","flat fixture","{""X"":0,""Y"":0,""Z"":0,""A"":0,""C"":0}","[0,0,0,0,0,0,0,0]","0","0"
"horizontal-ideal-B-original","horizontal","YZ","ideal","flat fixture","{""X"":0,""Y"":0,""Z"":0,""A"":0,""C"":0}","[0,0,0,0,0,0,0,0]","0","0"
"horizontal-ideal-B-original","horizontal","a","ideal","flat fixture","{""X"":0,""Y"":0,""Z"":0,""A"":0,""C"":0}","[0,0,0,0,0,0,0,0]","0","0"
"horizontal-ideal-B-original","horizontal","b","ideal","flat fixture","{""X"":0,""Y"":0,""Z"":0,""A"":0,""C"":0}","[0,0,0,0,0,0,0,0]","0","0"
"horizontal-ideal-B--1","horizontal","XY","ideal","real coarse support button","{""X"":0,""Y"":0,""Z"":0,""A"":0,""C"":0}","[0,-0.01,0,0,0,0,0,0]","0","0"
"horizontal-ideal-B--1","horizontal","XZ","ideal","real coarse support button","{""X"":0,""Y"":0,""Z"":0,""A"":0,""C"":0}","[0,-0.01,0,0,0,0,0,0]","-0.4681495071375691","0"
"horizontal-ideal-B--1","horizontal","YZ","ideal","real coarse support button","{""X"":0,""Y"":0,""Z"":0,""A"":0,""C"":0}","[0,-0.01,0,0,0,0,0,0]","1.5761065561004095","2"
"horizontal-ideal-B--1","horizontal","a","ideal","real coarse support button","{""X"":0,""Y"":0,""Z"":0,""A"":0,""C"":0}","[0,-0.01,0,0,0,0,0,0]","-1.3407421650280664","-1"
"horizontal-ideal-B--1","horizontal","b","ideal","real coarse support button","{""X"":0,""Y"":0,""Z"":0,""A"":0,""C"":0}","[0,-0.01,0,0,0,0,0,0]","2.554296863339564","3"
"horizontal-ideal-B--1-restored","horizontal","XY","ideal","real inverse coarse support button","{""X"":0,""Y"":0,""Z"":0,""A"":0,""C"":0}","[0,0,0,0,0,0,0,0]","0","0"
"horizontal-ideal-B--1-restored","horizontal","XZ","ideal","real inverse coarse support button","{""X"":0,""Y"":0,""Z"":0,""A"":0,""C"":0}","[0,0,0,0,0,0,0,0]","0","0"
"horizontal-ideal-B--1-restored","horizontal","YZ","ideal","real inverse coarse support button","{""X"":0,""Y"":0,""Z"":0,""A"":0,""C"":0}","[0,0,0,0,0,0,0,0]","0","0"
"horizontal-ideal-B--1-restored","horizontal","a","ideal","real inverse coarse support button","{""X"":0,""Y"":0,""Z"":0,""A"":0,""C"":0}","[0,0,0,0,0,0,0,0]","0","0"
"horizontal-ideal-B--1-restored","horizontal","b","ideal","real inverse coarse support button","{""X"":0,""Y"":0,""Z"":0,""A"":0,""C"":0}","[0,0,0,0,0,0,0,0]","0","0"
"horizontal-ideal-B-1","horizontal","XY","ideal","real coarse support button","{""X"":0,""Y"":0,""Z"":0,""A"":0,""C"":0}","[0,0.01,0,0,0,0,0,0]","0","0"
"horizontal-ideal-B-1","horizontal","XZ","ideal","real coarse support button","{""X"":0,""Y"":0,""Z"":0,""A"":0,""C"":0}","[0,0.01,0,0,0,0,0,0]","0.46815164373749385","0"
"horizontal-ideal-B-1","horizontal","YZ","ideal","real coarse support button","{""X"":0,""Y"":0,""Z"":0,""A"":0,""C"":0}","[0,0.01,0,0,0,0,0,0]","-1.576067356935662","-2"
"horizontal-ideal-B-1","horizontal","a","ideal","real coarse support button","{""X"":0,""Y"":0,""Z"":0,""A"":0,""C"":0}","[0,0.01,0,0,0,0,0,0]","1.3404838548978364","1"
"horizontal-ideal-B-1","horizontal","b","ideal","real coarse support button","{""X"":0,""Y"":0,""Z"":0,""A"":0,""C"":0}","[0,0.01,0,0,0,0,0,0]","-2.5543987886879336","-3"
"horizontal-ideal-B-1-restored","horizontal","XY","ideal","real inverse coarse support button","{""X"":0,""Y"":0,""Z"":0,""A"":0,""C"":0}","[0,0,0,0,0,0,0,0]","0","0"
"horizontal-ideal-B-1-restored","horizontal","XZ","ideal","real inverse coarse support button","{""X"":0,""Y"":0,""Z"":0,""A"":0,""C"":0}","[0,0,0,0,0,0,0,0]","0","0"
"horizontal-ideal-B-1-restored","horizontal","YZ","ideal","real inverse coarse support button","{""X"":0,""Y"":0,""Z"":0,""A"":0,""C"":0}","[0,0,0,0,0,0,0,0]","0","0"
"horizontal-ideal-B-1-restored","horizontal","a","ideal","real inverse coarse support button","{""X"":0,""Y"":0,""Z"":0,""A"":0,""C"":0}","[0,0,0,0,0,0,0,0]","0","0"
"horizontal-ideal-B-1-restored","horizontal","b","ideal","real inverse coarse support button","{""X"":0,""Y"":0,""Z"":0,""A"":0,""C"":0}","[0,0,0,0,0,0,0,0]","0","0"
"horizontal-used-posture-flat","horizontal","XY","used123456","known fixture via evaluate","{""X"":0,""Y"":0,""Z"":0,""A"":0,""C"":0}","[0,0,0,0,0,0,0,0]","16.958999991522823","17"
"horizontal-used-posture-flat","horizontal","XZ","used123456","known fixture via evaluate","{""X"":0,""Y"":0,""Z"":0,""A"":0,""C"":0}","[0,0,0,0,0,0,0,0]","8.12899999891835","8"
"horizontal-used-posture-flat","horizontal","YZ","used123456","known fixture via evaluate","{""X"":0,""Y"":0,""Z"":0,""A"":0,""C"":0}","[0,0,0,0,0,0,0,0]","14.119999995145655","14"
"horizontal-used-posture-flat","horizontal","a","used123456","known fixture via evaluate","{""X"":0,""Y"":0,""Z"":0,""A"":0,""C"":0}","[0,0,0,0,0,0,0,0]","8.125810727274697","8"
"horizontal-used-posture-flat","horizontal","b","used123456","known fixture via evaluate","{""X"":0,""Y"":0,""Z"":0,""A"":0,""C"":0}","[0,0,0,0,0,0,0,0]","14.118678122277545","14"
"horizontal-used-posture-.01","horizontal","XY","used123456","known fixture via evaluate","{""X"":0,""Y"":0,""Z"":0,""A"":0,""C"":0}","[0.025024,-0.025024,0.008341333333333334,-0.008341333333333334,-0.008341333333333333,0.008341333333333333,-0.025024,0.025024]","23.51100294384345","24"
"horizontal-used-posture-.01","horizontal","XZ","used123456","known fixture via evaluate","{""X"":0,""Y"":0,""Z"":0,""A"":0,""C"":0}","[0.025024,-0.025024,0.008341333333333334,-0.008341333333333334,-0.008341333333333333,0.008341333333333333,-0.025024,0.025024]","4.169021875605542","4"
"horizontal-used-posture-.01","horizontal","YZ","used123456","known fixture via evaluate","{""X"":0,""Y"":0,""Z"":0,""A"":0,""C"":0}","[0.025024,-0.025024,0.008341333333333334,-0.008341333333333334,-0.008341333333333333,0.008341333333333333,-0.025024,0.025024]","14.119981974231033","14"
"horizontal-used-posture-.01","horizontal","a","used123456","known fixture via evaluate","{""X"":0,""Y"":0,""Z"":0,""A"":0,""C"":0}","[0.025024,-0.025024,0.008341333333333334,-0.008341333333333334,-0.008341333333333333,0.008341333333333333,-0.025024,0.025024]","2.4561192019205427","2"
"horizontal-used-posture-.01","horizontal","b","used123456","known fixture via evaluate","{""X"":0,""Y"":0,""Z"":0,""A"":0,""C"":0}","[0.025024,-0.025024,0.008341333333333334,-0.008341333333333334,-0.008341333333333333,0.008341333333333333,-0.025024,0.025024]","14.11970989895206","14"
"horizontal-used-posture--.01","horizontal","XY","used123456","known fixture via evaluate","{""X"":0,""Y"":0,""Z"":0,""A"":0,""C"":0}","[-0.025024,0.025024,-0.008341333333333334,0.008341333333333334,0.008341333333333333,-0.008341333333333333,0.025024,-0.025024]","10.407002970082985","10"
"horizontal-used-posture--.01","horizontal","XZ","used123456","known fixture via evaluate","{""X"":0,""Y"":0,""Z"":0,""A"":0,""C"":0}","[-0.025024,0.025024,-0.008341333333333334,0.008341333333333334,0.008341333333333333,-0.008341333333333333,0.025024,-0.025024]","12.088976681545043","12"
"horizontal-used-posture--.01","horizontal","YZ","used123456","known fixture via evaluate","{""X"":0,""Y"":0,""Z"":0,""A"":0,""C"":0}","[-0.025024,0.025024,-0.008341333333333334,0.008341333333333334,0.008341333333333333,-0.008341333333333333,0.025024,-0.025024]","14.120113225248032","14"
"horizontal-used-posture--.01","horizontal","a","used123456","known fixture via evaluate","{""X"":0,""Y"":0,""Z"":0,""A"":0,""C"":0}","[-0.025024,0.025024,-0.008341333333333334,0.008341333333333334,0.008341333333333333,-0.008341333333333333,0.025024,-0.025024]","13.795502239174334","14"
"horizontal-used-posture--.01","horizontal","b","used123456","known fixture via evaluate","{""X"":0,""Y"":0,""Z"":0,""A"":0,""C"":0}","[-0.025024,0.025024,-0.008341333333333334,0.008341333333333334,0.008341333333333333,-0.008341333333333333,0.025024,-0.025024]","14.116377532517182","14"
"horizontal-used-posture-.05","horizontal","XY","used123456","known fixture via evaluate","{""X"":0,""Y"":0,""Z"":0,""A"":0,""C"":0}","[0.12512,-0.12512,0.04170666666666668,-0.04170666666666668,-0.041706666666666656,0.041706666666666656,-0.12512,0.12512]","49.7190737171211","50"
"horizontal-used-posture-.05","horizontal","XZ","used123456","known fixture via evaluate","{""X"":0,""Y"":0,""Z"":0,""A"":0,""C"":0}","[0.12512,-0.12512,0.04170666666666668,-0.04170666666666668,-0.041706666666666656,0.041706666666666656,-0.12512,0.12512]","-11.67090485314215","-12"
"horizontal-used-posture-.05","horizontal","YZ","used123456","known fixture via evaluate","{""X"":0,""Y"":0,""Z"":0,""A"":0,""C"":0}","[0.12512,-0.12512,0.04170666666666668,-0.04170666666666668,-0.041706666666666656,0.041706666666666656,-0.12512,0.12512]","14.120861990042991","14"
"horizontal-used-posture-.05","horizontal","a","used123456","known fixture via evaluate","{""X"":0,""Y"":0,""Z"":0,""A"":0,""C"":0}","[0.12512,-0.12512,0.04170666666666668,-0.04170666666666668,-0.041706666666666656,0.041706666666666656,-0.12512,0.12512]","-20.222646999511554","-20"
"horizontal-used-posture-.05","horizontal","b","used123456","known fixture via evaluate","{""X"":0,""Y"":0,""Z"":0,""A"":0,""C"":0}","[0.12512,-0.12512,0.04170666666666668,-0.04170666666666668,-0.041706666666666656,0.041706666666666656,-0.12512,0.12512]","14.111148876136056","14"
"horizontal-used-posture--.05","horizontal","XY","used123456","known fixture via evaluate","{""X"":0,""Y"":0,""Z"":0,""A"":0,""C"":0}","[-0.12512,0.12512,-0.04170666666666668,0.04170666666666668,0.041706666666666656,-0.041706666666666656,0.12512,-0.12512]","-15.800925456338142","-16"
"horizontal-used-posture--.05","horizontal","XZ","used123456","known fixture via evaluate","{""X"":0,""Y"":0,""Z"":0,""A"":0,""C"":0}","[-0.12512,0.12512,-0.04170666666666668,0.04170666666666668,0.041706666666666656,-0.041706666666666656,0.12512,-0.12512]","27.92886883543934","28"
"horizontal-used-posture--.05","horizontal","YZ","used123456","known fixture via evaluate","{""X"":0,""Y"":0,""Z"":0,""A"":0,""C"":0}","[-0.12512,0.12512,-0.04170666666666668,0.04170666666666668,0.041706666666666656,-0.041706666666666656,0.12512,-0.12512]","14.121518244694306","14"
"horizontal-used-posture--.05","horizontal","a","used123456","known fixture via evaluate","{""X"":0,""Y"":0,""Z"":0,""A"":0,""C"":0}","[-0.12512,0.12512,-0.04170666666666668,0.04170666666666668,0.041706666666666656,-0.041706666666666656,0.12512,-0.12512]","36.47426811699724","36"
"horizontal-used-posture--.05","horizontal","b","used123456","known fixture via evaluate","{""X"":0,""Y"":0,""Z"":0,""A"":0,""C"":0}","[-0.12512,0.12512,-0.04170666666666668,0.04170666666666668,0.041706666666666656,-0.041706666666666656,0.12512,-0.12512]","14.094487031818606","14"
"horizontal-used-B-original","horizontal","XY","used123456","flat fixture","{""X"":0,""Y"":0,""Z"":0,""A"":0,""C"":0}","[0,0,0,0,0,0,0,0]","16.958999991522823","17"
"horizontal-used-B-original","horizontal","XZ","used123456","flat fixture","{""X"":0,""Y"":0,""Z"":0,""A"":0,""C"":0}","[0,0,0,0,0,0,0,0]","8.12899999891835","8"
"horizontal-used-B-original","horizontal","YZ","used123456","flat fixture","{""X"":0,""Y"":0,""Z"":0,""A"":0,""C"":0}","[0,0,0,0,0,0,0,0]","14.119999995145655","14"
"horizontal-used-B-original","horizontal","a","used123456","flat fixture","{""X"":0,""Y"":0,""Z"":0,""A"":0,""C"":0}","[0,0,0,0,0,0,0,0]","8.125810727274697","8"
"horizontal-used-B-original","horizontal","b","used123456","flat fixture","{""X"":0,""Y"":0,""Z"":0,""A"":0,""C"":0}","[0,0,0,0,0,0,0,0]","14.118678122277545","14"
"horizontal-used-B--1","horizontal","XY","used123456","real coarse support button","{""X"":0,""Y"":0,""Z"":0,""A"":0,""C"":0}","[0,-0.01,0,0,0,0,0,0]","16.958999991744868","17"
"horizontal-used-B--1","horizontal","XZ","used123456","real coarse support button","{""X"":0,""Y"":0,""Z"":0,""A"":0,""C"":0}","[0,-0.01,0,0,0,0,0,0]","7.660860507716777","8"
"horizontal-used-B--1","horizontal","YZ","used123456","real coarse support button","{""X"":0,""Y"":0,""Z"":0,""A"":0,""C"":0}","[0,-0.01,0,0,0,0,0,0]","15.6961272450417","16"
"horizontal-used-B--1","horizontal","a","used123456","real coarse support button","{""X"":0,""Y"":0,""Z"":0,""A"":0,""C"":0}","[0,-0.01,0,0,0,0,0,0]","6.783780290717245","7"
"horizontal-used-B--1","horizontal","b","used123456","real coarse support button","{""X"":0,""Y"":0,""Z"":0,""A"":0,""C"":0}","[0,-0.01,0,0,0,0,0,0]","16.67340512916983","17"
"horizontal-used-B--1-restored","horizontal","XY","used123456","real inverse coarse support button","{""X"":0,""Y"":0,""Z"":0,""A"":0,""C"":0}","[0,0,0,0,0,0,0,0]","16.958999991522823","17"
"horizontal-used-B--1-restored","horizontal","XZ","used123456","real inverse coarse support button","{""X"":0,""Y"":0,""Z"":0,""A"":0,""C"":0}","[0,0,0,0,0,0,0,0]","8.12899999891835","8"
"horizontal-used-B--1-restored","horizontal","YZ","used123456","real inverse coarse support button","{""X"":0,""Y"":0,""Z"":0,""A"":0,""C"":0}","[0,0,0,0,0,0,0,0]","14.119999995145655","14"
"horizontal-used-B--1-restored","horizontal","a","used123456","real inverse coarse support button","{""X"":0,""Y"":0,""Z"":0,""A"":0,""C"":0}","[0,0,0,0,0,0,0,0]","8.125810727274697","8"
"horizontal-used-B--1-restored","horizontal","b","used123456","real inverse coarse support button","{""X"":0,""Y"":0,""Z"":0,""A"":0,""C"":0}","[0,0,0,0,0,0,0,0]","14.118678122277545","14"
"horizontal-used-B-1","horizontal","XY","used123456","real coarse support button","{""X"":0,""Y"":0,""Z"":0,""A"":0,""C"":0}","[0,0.01,0,0,0,0,0,0]","16.95899999130078","17"
"horizontal-used-B-1","horizontal","XZ","used123456","real coarse support button","{""X"":0,""Y"":0,""Z"":0,""A"":0,""C"":0}","[0,0.01,0,0,0,0,0,0]","8.597141626770153","9"
"horizontal-used-B-1","horizontal","YZ","used123456","real coarse support button","{""X"":0,""Y"":0,""Z"":0,""A"":0,""C"":0}","[0,0.01,0,0,0,0,0,0]","12.543911944698852","13"
"horizontal-used-B-1","horizontal","a","used123456","real coarse support button","{""X"":0,""Y"":0,""Z"":0,""A"":0,""C"":0}","[0,0.01,0,0,0,0,0,0]","9.467582870171382","9"
"horizontal-used-B-1","horizontal","b","used123456","real coarse support button","{""X"":0,""Y"":0,""Z"":0,""A"":0,""C"":0}","[0,0.01,0,0,0,0,0,0]","11.56384920578471","12"
"horizontal-used-B-1-restored","horizontal","XY","used123456","real inverse coarse support button","{""X"":0,""Y"":0,""Z"":0,""A"":0,""C"":0}","[0,0,0,0,0,0,0,0]","16.958999991522823","17"
"horizontal-used-B-1-restored","horizontal","XZ","used123456","real inverse coarse support button","{""X"":0,""Y"":0,""Z"":0,""A"":0,""C"":0}","[0,0,0,0,0,0,0,0]","8.12899999891835","8"
"horizontal-used-B-1-restored","horizontal","YZ","used123456","real inverse coarse support button","{""X"":0,""Y"":0,""Z"":0,""A"":0,""C"":0}","[0,0,0,0,0,0,0,0]","14.119999995145655","14"
"horizontal-used-B-1-restored","horizontal","a","used123456","real inverse coarse support button","{""X"":0,""Y"":0,""Z"":0,""A"":0,""C"":0}","[0,0,0,0,0,0,0,0]","8.125810727274697","8"
"horizontal-used-B-1-restored","horizontal","b","used123456","real inverse coarse support button","{""X"":0,""Y"":0,""Z"":0,""A"":0,""C"":0}","[0,0,0,0,0,0,0,0]","14.118678122277545","14"
"lathe-ideal-posture-flat","lathe","face","ideal","known fixture via evaluate","{""X"":0,""Y"":0,""Z"":0,""A"":0,""C"":0}","[0,0,0,0,0,0]","0","0"
"lathe-ideal-posture-flat","lathe","flat","ideal","known fixture via evaluate","{""X"":0,""Y"":0,""Z"":0,""A"":0,""C"":0}","[0,0,0,0,0,0]","0","0"
"lathe-ideal-posture-flat","lathe","dx","ideal","known fixture via evaluate","{""X"":0,""Y"":0,""Z"":0,""A"":0,""C"":0}","[0,0,0,0,0,0]","-2.7755575615628914e-11","0"
"lathe-ideal-posture-flat","lathe","dy","ideal","known fixture via evaluate","{""X"":0,""Y"":0,""Z"":0,""A"":0,""C"":0}","[0,0,0,0,0,0]","0","0"
"lathe-ideal-posture-flat","lathe","barSide","ideal","known fixture via evaluate","{""X"":0,""Y"":0,""Z"":0,""A"":0,""C"":0}","[0,0,0,0,0,0]","0","0"
"lathe-ideal-posture-flat","lathe","barTop","ideal","known fixture via evaluate","{""X"":0,""Y"":0,""Z"":0,""A"":0,""C"":0}","[0,0,0,0,0,0]","0","0"
"lathe-ideal-posture-flat","lathe","runoutRoot","ideal","known fixture via evaluate","{""X"":0,""Y"":0,""Z"":0,""A"":0,""C"":0}","[0,0,0,0,0,0]","0","0"
"lathe-ideal-posture-flat","lathe","runoutTip","ideal","known fixture via evaluate","{""X"":0,""Y"":0,""Z"":0,""A"":0,""C"":0}","[0,0,0,0,0,0]","0","0"
"lathe-ideal-posture-flat","lathe","borea","ideal","known fixture via evaluate","{""X"":0,""Y"":0,""Z"":0,""A"":0,""C"":0}","[0,0,0,0,0,0]","0","0"
"lathe-ideal-posture-flat","lathe","boreb","ideal","known fixture via evaluate","{""X"":0,""Y"":0,""Z"":0,""A"":0,""C"":0}","[0,0,0,0,0,0]","-2.7755575615628914e-11","0"
"lathe-ideal-posture-flat","lathe","borec","ideal","known fixture via evaluate","{""X"":0,""Y"":0,""Z"":0,""A"":0,""C"":0}","[0,0,0,0,0,0]","-5.551115123125783e-11","0"
"lathe-ideal-posture-flat","lathe","bored","ideal","known fixture via evaluate","{""X"":0,""Y"":0,""Z"":0,""A"":0,""C"":0}","[0,0,0,0,0,0]","-2.7755575615628914e-11","0"
"lathe-ideal-posture-.01","lathe","face","ideal","known fixture via evaluate","{""X"":0,""Y"":0,""Z"":0,""A"":0,""C"":0}","[0.016800000000000002,0,-0.016800000000000002,-0.016800000000000002,0,0.016800000000000002]","1.734723475976807e-11","0"
"lathe-ideal-posture-.01","lathe","flat","ideal","known fixture via evaluate","{""X"":0,""Y"":0,""Z"":0,""A"":0,""C"":0}","[0.016800000000000002,0,-0.016800000000000002,-0.016800000000000002,0,0.016800000000000002]","-2.5199942398444057","-3"
"lathe-ideal-posture-.01","lathe","dx","ideal","known fixture via evaluate","{""X"":0,""Y"":0,""Z"":0,""A"":0,""C"":0}","[0.016800000000000002,0,-0.016800000000000002,-0.016800000000000002,0,0.016800000000000002]","-15.371995487198156","-15"
"lathe-ideal-posture-.01","lathe","dy","ideal","known fixture via evaluate","{""X"":0,""Y"":0,""Z"":0,""A"":0,""C"":0}","[0.016800000000000002,0,-0.016800000000000002,-0.016800000000000002,0,0.016800000000000002]","-0.2551415987719031","0"
"lathe-ideal-posture-.01","lathe","barSide","ideal","known fixture via evaluate","{""X"":0,""Y"":0,""Z"":0,""A"":0,""C"":0}","[0.016800000000000002,0,-0.016800000000000002,-0.016800000000000002,0,0.016800000000000002]","2.519998964937986","3"
"lathe-ideal-posture-.01","lathe","barTop","ideal","known fixture via evaluate","{""X"":0,""Y"":0,""Z"":0,""A"":0,""C"":0}","[0.016800000000000002,0,-0.016800000000000002,-0.016800000000000002,0,0.016800000000000002]","-0.00013078809389666102","0"
"lathe-ideal-posture-.01","lathe","runoutRoot","ideal","known fixture via evaluate","{""X"":0,""Y"":0,""Z"":0,""A"":0,""C"":0}","[0.016800000000000002,0,-0.016800000000000002,-0.016800000000000002,0,0.016800000000000002]","0","0"
"lathe-ideal-posture-.01","lathe","runoutTip","ideal","known fixture via evaluate","{""X"":0,""Y"":0,""Z"":0,""A"":0,""C"":0}","[0.016800000000000002,0,-0.016800000000000002,-0.016800000000000002,0,0.016800000000000002]","0","0"
"lathe-ideal-posture-.01","lathe","borea","ideal","known fixture via evaluate","{""X"":0,""Y"":0,""Z"":0,""A"":0,""C"":0}","[0.016800000000000002,0,-0.016800000000000002,-0.016800000000000002,0,0.016800000000000002]","0","0"
"lathe-ideal-posture-.01","lathe","boreb","ideal","known fixture via evaluate","{""X"":0,""Y"":0,""Z"":0,""A"":0,""C"":0}","[0.016800000000000002,0,-0.016800000000000002,-0.016800000000000002,0,0.016800000000000002]","-15.112129225020727","-15"
"lathe-ideal-posture-.01","lathe","borec","ideal","known fixture via evaluate","{""X"":0,""Y"":0,""Z"":0,""A"":0,""C"":0}","[0.016800000000000002,0,-0.016800000000000002,-0.016800000000000002,0,0.016800000000000002]","-30.743990974399505","-31"
"lathe-ideal-posture-.01","lathe","bored","ideal","known fixture via evaluate","{""X"":0,""Y"":0,""Z"":0,""A"":0,""C"":0}","[0.016800000000000002,0,-0.016800000000000002,-0.016800000000000002,0,0.016800000000000002]","-15.622412422564707","-16"
"lathe-ideal-posture--.01","lathe","face","ideal","known fixture via evaluate","{""X"":0,""Y"":0,""Z"":0,""A"":0,""C"":0}","[-0.016800000000000002,0,0.016800000000000002,0.016800000000000002,0,-0.016800000000000002]","1.734723475976807e-11","0"
"lathe-ideal-posture--.01","lathe","flat","ideal","known fixture via evaluate","{""X"":0,""Y"":0,""Z"":0,""A"":0,""C"":0}","[-0.016800000000000002,0,0.016800000000000002,0.016800000000000002,0,-0.016800000000000002]","2.5200057597544316","3"
"lathe-ideal-posture--.01","lathe","dx","ideal","known fixture via evaluate","{""X"":0,""Y"":0,""Z"":0,""A"":0,""C"":0}","[-0.016800000000000002,0,0.016800000000000002,0.016800000000000002,0,-0.016800000000000002]","15.372004508065915","15"
"lathe-ideal-posture--.01","lathe","dy","ideal","known fixture via evaluate","{""X"":0,""Y"":0,""Z"":0,""A"":0,""C"":0}","[-0.016800000000000002,0,0.016800000000000002,0.016800000000000002,0,-0.016800000000000002]","0.25485840115743985","0"
"lathe-ideal-posture--.01","lathe","barSide","ideal","known fixture via evaluate","{""X"":0,""Y"":0,""Z"":0,""A"":0,""C"":0}","[-0.016800000000000002,0,0.016800000000000002,0.016800000000000002,0,-0.016800000000000002]","-2.5200010349557544","-3"
"lathe-ideal-posture--.01","lathe","barTop","ideal","known fixture via evaluate","{""X"":0,""Y"":0,""Z"":0,""A"":0,""C"":0}","[-0.016800000000000002,0,0.016800000000000002,0.016800000000000002,0,-0.016800000000000002]","-0.00013078782674924572","0"
"lathe-ideal-posture--.01","lathe","runoutRoot","ideal","known fixture via evaluate","{""X"":0,""Y"":0,""Z"":0,""A"":0,""C"":0}","[-0.016800000000000002,0,0.016800000000000002,0.016800000000000002,0,-0.016800000000000002]","0","0"
"lathe-ideal-posture--.01","lathe","runoutTip","ideal","known fixture via evaluate","{""X"":0,""Y"":0,""Z"":0,""A"":0,""C"":0}","[-0.016800000000000002,0,0.016800000000000002,0.016800000000000002,0,-0.016800000000000002]","0","0"
"lathe-ideal-posture--.01","lathe","borea","ideal","known fixture via evaluate","{""X"":0,""Y"":0,""Z"":0,""A"":0,""C"":0}","[-0.016800000000000002,0,0.016800000000000002,0.016800000000000002,0,-0.016800000000000002]","0","0"
"lathe-ideal-posture--.01","lathe","boreb","ideal","known fixture via evaluate","{""X"":0,""Y"":0,""Z"":0,""A"":0,""C"":0}","[-0.016800000000000002,0,0.016800000000000002,0.016800000000000002,0,-0.016800000000000002]","15.121870778754543","15"
"lathe-ideal-posture--.01","lathe","borec","ideal","known fixture via evaluate","{""X"":0,""Y"":0,""Z"":0,""A"":0,""C"":0}","[-0.016800000000000002,0,0.016800000000000002,0.016800000000000002,0,-0.016800000000000002]","30.744009016134278","31"
"lathe-ideal-posture--.01","lathe","bored","ideal","known fixture via evaluate","{""X"":0,""Y"":0,""Z"":0,""A"":0,""C"":0}","[-0.016800000000000002,0,0.016800000000000002,0.016800000000000002,0,-0.016800000000000002]","15.631587581069194","16"
"lathe-ideal-posture-.05","lathe","face","ideal","known fixture via evaluate","{""X"":0,""Y"":0,""Z"":0,""A"":0,""C"":0}","[0.08400000000000002,0,-0.08400000000000002,-0.08400000000000002,0,0.08400000000000002]","-5.204170427930421e-12","0"
"lathe-ideal-posture-.05","lathe","flat","ideal","known fixture via evaluate","{""X"":0,""Y"":0,""Z"":0,""A"":0,""C"":0}","[0.08400000000000002,0,-0.08400000000000002,-0.08400000000000002,0,0.08400000000000002]","-12.599855998862362","-13"
"lathe-ideal-posture-.05","lathe","dx","ideal","known fixture via evaluate","{""X"":0,""Y"":0,""Z"":0,""A"":0,""C"":0}","[0.08400000000000002,0,-0.08400000000000002,-0.08400000000000002,0,0.08400000000000002]","-76.85988694055558","-77"
"lathe-ideal-posture-.05","lathe","dy","ideal","known fixture via evaluate","{""X"":0,""Y"":0,""Z"":0,""A"":0,""C"":0}","[0.08400000000000002,0,-0.08400000000000002,-0.08400000000000002,0,0.08400000000000002]","-1.2785399647369753","-1"
"lathe-ideal-posture-.05","lathe","barSide","ideal","known fixture via evaluate","{""X"":0,""Y"":0,""Z"":0,""A"":0,""C"":0}","[0.08400000000000002,0,-0.08400000000000002,-0.08400000000000002,0,0.08400000000000002]","12.599974122628337","13"
"lathe-ideal-posture-.05","lathe","barTop","ideal","known fixture via evaluate","{""X"":0,""Y"":0,""Z"":0,""A"":0,""C"":0}","[0.08400000000000002,0,-0.08400000000000002,-0.08400000000000002,0,0.08400000000000002]","-0.00326968979322273","0"
"lathe-ideal-posture-.05","lathe","runoutRoot","ideal","known fixture via evaluate","{""X"":0,""Y"":0,""Z"":0,""A"":0,""C"":0}","[0.08400000000000002,0,-0.08400000000000002,-0.08400000000000002,0,0.08400000000000002]","0","0"
"lathe-ideal-posture-.05","lathe","runoutTip","ideal","known fixture via evaluate","{""X"":0,""Y"":0,""Z"":0,""A"":0,""C"":0}","[0.08400000000000002,0,-0.08400000000000002,-0.08400000000000002,0,0.08400000000000002]","0","0"
"lathe-ideal-posture-.05","lathe","borea","ideal","known fixture via evaluate","{""X"":0,""Y"":0,""Z"":0,""A"":0,""C"":0}","[0.08400000000000002,0,-0.08400000000000002,-0.08400000000000002,0,0.08400000000000002]","0","0"
"lathe-ideal-posture-.05","lathe","boreb","ideal","known fixture via evaluate","{""X"":0,""Y"":0,""Z"":0,""A"":0,""C"":0}","[0.08400000000000002,0,-0.08400000000000002,-0.08400000000000002,0,0.08400000000000002]","-75.46323054551107","-75"
"lathe-ideal-posture-.05","lathe","borec","ideal","known fixture via evaluate","{""X"":0,""Y"":0,""Z"":0,""A"":0,""C"":0}","[0.08400000000000002,0,-0.08400000000000002,-0.08400000000000002,0,0.08400000000000002]","-153.71977388110858","-154"
"lathe-ideal-posture-.05","lathe","bored","ideal","known fixture via evaluate","{""X"":0,""Y"":0,""Z"":0,""A"":0,""C"":0}","[0.08400000000000002,0,-0.08400000000000002,-0.08400000000000002,0,0.08400000000000002]","-78.02031047498409","-78"
"lathe-ideal-posture--.05","lathe","face","ideal","known fixture via evaluate","{""X"":0,""Y"":0,""Z"":0,""A"":0,""C"":0}","[-0.08400000000000002,0,0.08400000000000002,0.08400000000000002,0,-0.08400000000000002]","-5.204170427930421e-12","0"
"lathe-ideal-posture--.05","lathe","flat","ideal","known fixture via evaluate","{""X"":0,""Y"":0,""Z"":0,""A"":0,""C"":0}","[-0.08400000000000002,0,0.08400000000000002,0.08400000000000002,0,-0.08400000000000002]","12.600143998771005","13"
"lathe-ideal-posture--.05","lathe","dx","ideal","known fixture via evaluate","{""X"":0,""Y"":0,""Z"":0,""A"":0,""C"":0}","[-0.08400000000000002,0,0.08400000000000002,0.08400000000000002,0,-0.08400000000000002]","76.86011246541277","77"
"lathe-ideal-posture--.05","lathe","dy","ideal","known fixture via evaluate","{""X"":0,""Y"":0,""Z"":0,""A"":0,""C"":0}","[-0.08400000000000002,0,0.08400000000000002,0.08400000000000002,0,-0.08400000000000002]","1.271460024892801","1"
"lathe-ideal-posture--.05","lathe","barSide","ideal","known fixture via evaluate","{""X"":0,""Y"":0,""Z"":0,""A"":0,""C"":0}","[-0.08400000000000002,0,0.08400000000000002,0.08400000000000002,0,-0.08400000000000002]","-12.600025872628457","-13"
"lathe-ideal-posture--.05","lathe","barTop","ideal","known fixture via evaluate","{""X"":0,""Y"":0,""Z"":0,""A"":0,""C"":0}","[-0.08400000000000002,0,0.08400000000000002,0.08400000000000002,0,-0.08400000000000002]","-0.003269711012360288","0"
"lathe-ideal-posture--.05","lathe","runoutRoot","ideal","known fixture via evaluate","{""X"":0,""Y"":0,""Z"":0,""A"":0,""C"":0}","[-0.08400000000000002,0,0.08400000000000002,0.08400000000000002,0,-0.08400000000000002]","0","0"
"lathe-ideal-posture--.05","lathe","runoutTip","ideal","known fixture via evaluate","{""X"":0,""Y"":0,""Z"":0,""A"":0,""C"":0}","[-0.08400000000000002,0,0.08400000000000002,0.08400000000000002,0,-0.08400000000000002]","0","0"
"lathe-ideal-posture--.05","lathe","borea","ideal","known fixture via evaluate","{""X"":0,""Y"":0,""Z"":0,""A"":0,""C"":0}","[-0.08400000000000002,0,0.08400000000000002,0.08400000000000002,0,-0.08400000000000002]","0","0"
"lathe-ideal-posture--.05","lathe","boreb","ideal","known fixture via evaluate","{""X"":0,""Y"":0,""Z"":0,""A"":0,""C"":0}","[-0.08400000000000002,0,0.08400000000000002,0.08400000000000002,0,-0.08400000000000002]","75.70676992526073","76"
"lathe-ideal-posture--.05","lathe","borec","ideal","known fixture via evaluate","{""X"":0,""Y"":0,""Z"":0,""A"":0,""C"":0}","[-0.08400000000000002,0,0.08400000000000002,0.08400000000000002,0,-0.08400000000000002]","153.720224930827","154"
"lathe-ideal-posture--.05","lathe","bored","ideal","known fixture via evaluate","{""X"":0,""Y"":0,""Z"":0,""A"":0,""C"":0}","[-0.08400000000000002,0,0.08400000000000002,0.08400000000000002,0,-0.08400000000000002]","78.2496899750483","78"
"lathe-ideal-B-original","lathe","face","ideal","flat fixture","{""X"":0,""Y"":0,""Z"":0,""A"":0,""C"":0}","[0,0,0,0,0,0]","0","0"
"lathe-ideal-B-original","lathe","flat","ideal","flat fixture","{""X"":0,""Y"":0,""Z"":0,""A"":0,""C"":0}","[0,0,0,0,0,0]","0","0"
"lathe-ideal-B-original","lathe","dx","ideal","flat fixture","{""X"":0,""Y"":0,""Z"":0,""A"":0,""C"":0}","[0,0,0,0,0,0]","-2.7755575615628914e-11","0"
"lathe-ideal-B-original","lathe","dy","ideal","flat fixture","{""X"":0,""Y"":0,""Z"":0,""A"":0,""C"":0}","[0,0,0,0,0,0]","0","0"
"lathe-ideal-B-original","lathe","barSide","ideal","flat fixture","{""X"":0,""Y"":0,""Z"":0,""A"":0,""C"":0}","[0,0,0,0,0,0]","0","0"
"lathe-ideal-B-original","lathe","barTop","ideal","flat fixture","{""X"":0,""Y"":0,""Z"":0,""A"":0,""C"":0}","[0,0,0,0,0,0]","0","0"
"lathe-ideal-B-original","lathe","runoutRoot","ideal","flat fixture","{""X"":0,""Y"":0,""Z"":0,""A"":0,""C"":0}","[0,0,0,0,0,0]","0","0"
"lathe-ideal-B-original","lathe","runoutTip","ideal","flat fixture","{""X"":0,""Y"":0,""Z"":0,""A"":0,""C"":0}","[0,0,0,0,0,0]","0","0"
"lathe-ideal-B-original","lathe","borea","ideal","flat fixture","{""X"":0,""Y"":0,""Z"":0,""A"":0,""C"":0}","[0,0,0,0,0,0]","0","0"
"lathe-ideal-B-original","lathe","boreb","ideal","flat fixture","{""X"":0,""Y"":0,""Z"":0,""A"":0,""C"":0}","[0,0,0,0,0,0]","-2.7755575615628914e-11","0"
"lathe-ideal-B-original","lathe","borec","ideal","flat fixture","{""X"":0,""Y"":0,""Z"":0,""A"":0,""C"":0}","[0,0,0,0,0,0]","-5.551115123125783e-11","0"
"lathe-ideal-B-original","lathe","bored","ideal","flat fixture","{""X"":0,""Y"":0,""Z"":0,""A"":0,""C"":0}","[0,0,0,0,0,0]","-2.7755575615628914e-11","0"
"lathe-ideal-B--1","lathe","face","ideal","real coarse support button","{""X"":0,""Y"":0,""Z"":0,""A"":0,""C"":0}","[0,-0.01,0,0,0,0]","6.938893903907228e-12","0"
"lathe-ideal-B--1","lathe","flat","ideal","real coarse support button","{""X"":0,""Y"":0,""Z"":0,""A"":0,""C"":0}","[0,-0.01,0,0,0,0]","0.7500005099955742","1"
"lathe-ideal-B--1","lathe","dx","ideal","real coarse support button","{""X"":0,""Y"":0,""Z"":0,""A"":0,""C"":0}","[0,-0.01,0,0,0,0]","-4.174998492487208","-4"
"lathe-ideal-B--1","lathe","dy","ideal","real coarse support button","{""X"":0,""Y"":0,""Z"":0,""A"":0,""C"":0}","[0,-0.01,0,0,0,0]","-0.37412622717090743","0"
"lathe-ideal-B--1","lathe","barSide","ideal","real coarse support button","{""X"":0,""Y"":0,""Z"":0,""A"":0,""C"":0}","[0,-0.01,0,0,0,0]","-0.7500410036404698","-1"
"lathe-ideal-B--1","lathe","barTop","ideal","real coarse support button","{""X"":0,""Y"":0,""Z"":0,""A"":0,""C"":0}","[0,-0.01,0,0,0,0]","-1.500011584991412","-2"
"lathe-ideal-B--1","lathe","runoutRoot","ideal","real coarse support button","{""X"":0,""Y"":0,""Z"":0,""A"":0,""C"":0}","[0,-0.01,0,0,0,0]","0","0"
"lathe-ideal-B--1","lathe","runoutTip","ideal","real coarse support button","{""X"":0,""Y"":0,""Z"":0,""A"":0,""C"":0}","[0,-0.01,0,0,0,0]","0","0"
"lathe-ideal-B--1","lathe","borea","ideal","real coarse support button","{""X"":0,""Y"":0,""Z"":0,""A"":0,""C"":0}","[0,-0.01,0,0,0,0]","0","0"
"lathe-ideal-B--1","lathe","boreb","ideal","real coarse support button","{""X"":0,""Y"":0,""Z"":0,""A"":0,""C"":0}","[0,-0.01,0,0,0,0]","-3.800526452470143","-4"
"lathe-ideal-B--1","lathe","borec","ideal","real coarse support button","{""X"":0,""Y"":0,""Z"":0,""A"":0,""C"":0}","[0,-0.01,0,0,0,0]","-8.349996984971519","-8"
"lathe-ideal-B--1","lathe","bored","ideal","real coarse support button","{""X"":0,""Y"":0,""Z"":0,""A"":0,""C"":0}","[0,-0.01,0,0,0,0]","-4.5487789068141","-5"
"lathe-ideal-B--1-restored","lathe","face","ideal","real inverse coarse support button","{""X"":0,""Y"":0,""Z"":0,""A"":0,""C"":0}","[0,0,0,0,0,0]","0","0"
"lathe-ideal-B--1-restored","lathe","flat","ideal","real inverse coarse support button","{""X"":0,""Y"":0,""Z"":0,""A"":0,""C"":0}","[0,0,0,0,0,0]","0","0"
"lathe-ideal-B--1-restored","lathe","dx","ideal","real inverse coarse support button","{""X"":0,""Y"":0,""Z"":0,""A"":0,""C"":0}","[0,0,0,0,0,0]","-2.7755575615628914e-11","0"
"lathe-ideal-B--1-restored","lathe","dy","ideal","real inverse coarse support button","{""X"":0,""Y"":0,""Z"":0,""A"":0,""C"":0}","[0,0,0,0,0,0]","0","0"
"lathe-ideal-B--1-restored","lathe","barSide","ideal","real inverse coarse support button","{""X"":0,""Y"":0,""Z"":0,""A"":0,""C"":0}","[0,0,0,0,0,0]","0","0"
"lathe-ideal-B--1-restored","lathe","barTop","ideal","real inverse coarse support button","{""X"":0,""Y"":0,""Z"":0,""A"":0,""C"":0}","[0,0,0,0,0,0]","0","0"
"lathe-ideal-B--1-restored","lathe","runoutRoot","ideal","real inverse coarse support button","{""X"":0,""Y"":0,""Z"":0,""A"":0,""C"":0}","[0,0,0,0,0,0]","0","0"
"lathe-ideal-B--1-restored","lathe","runoutTip","ideal","real inverse coarse support button","{""X"":0,""Y"":0,""Z"":0,""A"":0,""C"":0}","[0,0,0,0,0,0]","0","0"
"lathe-ideal-B--1-restored","lathe","borea","ideal","real inverse coarse support button","{""X"":0,""Y"":0,""Z"":0,""A"":0,""C"":0}","[0,0,0,0,0,0]","0","0"
"lathe-ideal-B--1-restored","lathe","boreb","ideal","real inverse coarse support button","{""X"":0,""Y"":0,""Z"":0,""A"":0,""C"":0}","[0,0,0,0,0,0]","-2.7755575615628914e-11","0"
"lathe-ideal-B--1-restored","lathe","borec","ideal","real inverse coarse support button","{""X"":0,""Y"":0,""Z"":0,""A"":0,""C"":0}","[0,0,0,0,0,0]","-5.551115123125783e-11","0"
"lathe-ideal-B--1-restored","lathe","bored","ideal","real inverse coarse support button","{""X"":0,""Y"":0,""Z"":0,""A"":0,""C"":0}","[0,0,0,0,0,0]","-2.7755575615628914e-11","0"
"lathe-ideal-B-1","lathe","face","ideal","real coarse support button","{""X"":0,""Y"":0,""Z"":0,""A"":0,""C"":0}","[0,0.01,0,0,0,0]","6.938893903907228e-12","0"
"lathe-ideal-B-1","lathe","flat","ideal","real coarse support button","{""X"":0,""Y"":0,""Z"":0,""A"":0,""C"":0}","[0,0.01,0,0,0,0]","-0.7499994897925549","-1"
"lathe-ideal-B-1","lathe","dx","ideal","real coarse support button","{""X"":0,""Y"":0,""Z"":0,""A"":0,""C"":0}","[0,0.01,0,0,0,0]","4.175001507400363","4"
"lathe-ideal-B-1","lathe","dy","ideal","real coarse support button","{""X"":0,""Y"":0,""Z"":0,""A"":0,""C"":0}","[0,0.01,0,0,0,0]","0.37408805872698436","0"
"lathe-ideal-B-1","lathe","barSide","ideal","real coarse support button","{""X"":0,""Y"":0,""Z"":0,""A"":0,""C"":0}","[0,0.01,0,0,0,0]","0.7499589964130721","1"
"lathe-ideal-B-1","lathe","barTop","ideal","real coarse support button","{""X"":0,""Y"":0,""Z"":0,""A"":0,""C"":0}","[0,0.01,0,0,0,0]","1.4999884149734244","1"
"lathe-ideal-B-1","lathe","runoutRoot","ideal","real coarse support button","{""X"":0,""Y"":0,""Z"":0,""A"":0,""C"":0}","[0,0.01,0,0,0,0]","0","0"
"lathe-ideal-B-1","lathe","runoutTip","ideal","real coarse support button","{""X"":0,""Y"":0,""Z"":0,""A"":0,""C"":0}","[0,0.01,0,0,0,0]","0","0"
"lathe-ideal-B-1","lathe","borea","ideal","real coarse support button","{""X"":0,""Y"":0,""Z"":0,""A"":0,""C"":0}","[0,0.01,0,0,0,0]","0","0"
"lathe-ideal-B-1","lathe","boreb","ideal","real coarse support button","{""X"":0,""Y"":0,""Z"":0,""A"":0,""C"":0}","[0,0.01,0,0,0,0]","3.8012592625882857","4"
"lathe-ideal-B-1","lathe","borec","ideal","real coarse support button","{""X"":0,""Y"":0,""Z"":0,""A"":0,""C"":0}","[0,0.01,0,0,0,0]","8.350003014800933","8"
"lathe-ideal-B-1","lathe","bored","ideal","real coarse support button","{""X"":0,""Y"":0,""Z"":0,""A"":0,""C"":0}","[0,0.01,0,0,0,0]","4.549435380044042","5"
"lathe-ideal-B-1-restored","lathe","face","ideal","real inverse coarse support button","{""X"":0,""Y"":0,""Z"":0,""A"":0,""C"":0}","[0,0,0,0,0,0]","0","0"
"lathe-ideal-B-1-restored","lathe","flat","ideal","real inverse coarse support button","{""X"":0,""Y"":0,""Z"":0,""A"":0,""C"":0}","[0,0,0,0,0,0]","0","0"
"lathe-ideal-B-1-restored","lathe","dx","ideal","real inverse coarse support button","{""X"":0,""Y"":0,""Z"":0,""A"":0,""C"":0}","[0,0,0,0,0,0]","-2.7755575615628914e-11","0"
"lathe-ideal-B-1-restored","lathe","dy","ideal","real inverse coarse support button","{""X"":0,""Y"":0,""Z"":0,""A"":0,""C"":0}","[0,0,0,0,0,0]","0","0"
"lathe-ideal-B-1-restored","lathe","barSide","ideal","real inverse coarse support button","{""X"":0,""Y"":0,""Z"":0,""A"":0,""C"":0}","[0,0,0,0,0,0]","0","0"
"lathe-ideal-B-1-restored","lathe","barTop","ideal","real inverse coarse support button","{""X"":0,""Y"":0,""Z"":0,""A"":0,""C"":0}","[0,0,0,0,0,0]","0","0"
"lathe-ideal-B-1-restored","lathe","runoutRoot","ideal","real inverse coarse support button","{""X"":0,""Y"":0,""Z"":0,""A"":0,""C"":0}","[0,0,0,0,0,0]","0","0"
"lathe-ideal-B-1-restored","lathe","runoutTip","ideal","real inverse coarse support button","{""X"":0,""Y"":0,""Z"":0,""A"":0,""C"":0}","[0,0,0,0,0,0]","0","0"
"lathe-ideal-B-1-restored","lathe","borea","ideal","real inverse coarse support button","{""X"":0,""Y"":0,""Z"":0,""A"":0,""C"":0}","[0,0,0,0,0,0]","0","0"
"lathe-ideal-B-1-restored","lathe","boreb","ideal","real inverse coarse support button","{""X"":0,""Y"":0,""Z"":0,""A"":0,""C"":0}","[0,0,0,0,0,0]","-2.7755575615628914e-11","0"
"lathe-ideal-B-1-restored","lathe","borec","ideal","real inverse coarse support button","{""X"":0,""Y"":0,""Z"":0,""A"":0,""C"":0}","[0,0,0,0,0,0]","-5.551115123125783e-11","0"
"lathe-ideal-B-1-restored","lathe","bored","ideal","real inverse coarse support button","{""X"":0,""Y"":0,""Z"":0,""A"":0,""C"":0}","[0,0,0,0,0,0]","-2.7755575615628914e-11","0"
"lathe-used-posture-flat","lathe","face","used123456","known fixture via evaluate","{""X"":0,""Y"":0,""Z"":0,""A"":0,""C"":0}","[0,0,0,0,0,0]","-3.7579390983043943","-4"
"lathe-used-posture-flat","lathe","flat","used123456","known fixture via evaluate","{""X"":0,""Y"":0,""Z"":0,""A"":0,""C"":0}","[0,0,0,0,0,0]","7.826992527158391","8"
"lathe-used-posture-flat","lathe","dx","used123456","known fixture via evaluate","{""X"":0,""Y"":0,""Z"":0,""A"":0,""C"":0}","[0,0,0,0,0,0]","123.79637200451012","124"
"lathe-used-posture-flat","lathe","dy","used123456","known fixture via evaluate","{""X"":0,""Y"":0,""Z"":0,""A"":0,""C"":0}","[0,0,0,0,0,0]","-2.65720293390892","-3"
"lathe-used-posture-flat","lathe","barSide","used123456","known fixture via evaluate","{""X"":0,""Y"":0,""Z"":0,""A"":0,""C"":0}","[0,0,0,0,0,0]","-16.958999990972917","-17"
"lathe-used-posture-flat","lathe","barTop","used123456","known fixture via evaluate","{""X"":0,""Y"":0,""Z"":0,""A"":0,""C"":0}","[0,0,0,0,0,0]","-0.00575215427546516","0"
"lathe-used-posture-flat","lathe","runoutRoot","used123456","known fixture via evaluate","{""X"":0,""Y"":0,""Z"":0,""A"":0,""C"":0}","[0,0,0,0,0,0]","11.98505076393485","12"
"lathe-used-posture-flat","lathe","runoutTip","used123456","known fixture via evaluate","{""X"":0,""Y"":0,""Z"":0,""A"":0,""C"":0}","[0,0,0,0,0,0]","14.39028429697391","14"
"lathe-used-posture-flat","lathe","borea","used123456","known fixture via evaluate","{""X"":0,""Y"":0,""Z"":0,""A"":0,""C"":0}","[0,0,0,0,0,0]","0","0"
"lathe-used-posture-flat","lathe","boreb","used123456","known fixture via evaluate","{""X"":0,""Y"":0,""Z"":0,""A"":0,""C"":0}","[0,0,0,0,0,0]","126.75994643730066","127"
"lathe-used-posture-flat","lathe","borec","used123456","known fixture via evaluate","{""X"":0,""Y"":0,""Z"":0,""A"":0,""C"":0}","[0,0,0,0,0,0]","247.59274400901893","248"
"lathe-used-posture-flat","lathe","bored","used123456","known fixture via evaluate","{""X"":0,""Y"":0,""Z"":0,""A"":0,""C"":0}","[0,0,0,0,0,0]","121.44554056948282","121"
"lathe-used-posture-.01","lathe","face","used123456","known fixture via evaluate","{""X"":0,""Y"":0,""Z"":0,""A"":0,""C"":0}","[0.016800000000000002,0,-0.016800000000000002,-0.016800000000000002,0,0.016800000000000002]","-3.7579390982853123","-4"
"lathe-used-posture-.01","lathe","flat","used123456","known fixture via evaluate","{""X"":0,""Y"":0,""Z"":0,""A"":0,""C"":0}","[0.016800000000000002,0,-0.016800000000000002,-0.016800000000000002,0,0.016800000000000002]","5.306998288217776","5"
"lathe-used-posture-.01","lathe","dx","used123456","known fixture via evaluate","{""X"":0,""Y"":0,""Z"":0,""A"":0,""C"":0}","[0.016800000000000002,0,-0.016800000000000002,-0.016800000000000002,0,0.016800000000000002]","108.42435393614527","108"
"lathe-used-posture-.01","lathe","dy","used123456","known fixture via evaluate","{""X"":0,""Y"":0,""Z"":0,""A"":0,""C"":0}","[0.016800000000000002,0,-0.016800000000000002,-0.016800000000000002,0,0.016800000000000002]","-2.9117963270618743","-3"
"lathe-used-posture-.01","lathe","barSide","used123456","known fixture via evaluate","{""X"":0,""Y"":0,""Z"":0,""A"":0,""C"":0}","[0.016800000000000002,0,-0.016800000000000002,-0.016800000000000002,0,0.016800000000000002]","-14.43900102951305","-14"
"lathe-used-posture-.01","lathe","barTop","used123456","known fixture via evaluate","{""X"":0,""Y"":0,""Z"":0,""A"":0,""C"":0}","[0.016800000000000002,0,-0.016800000000000002,-0.016800000000000002,0,0.016800000000000002]","-0.0038122510322147196","0"
"lathe-used-posture-.01","lathe","runoutRoot","used123456","known fixture via evaluate","{""X"":0,""Y"":0,""Z"":0,""A"":0,""C"":0}","[0.016800000000000002,0,-0.016800000000000002,-0.016800000000000002,0,0.016800000000000002]","11.98505076393485","12"
"lathe-used-posture-.01","lathe","runoutTip","used123456","known fixture via evaluate","{""X"":0,""Y"":0,""Z"":0,""A"":0,""C"":0}","[0.016800000000000002,0,-0.016800000000000002,-0.016800000000000002,0,0.016800000000000002]","14.39028429697391","14"
"lathe-used-posture-.01","lathe","borea","used123456","known fixture via evaluate","{""X"":0,""Y"":0,""Z"":0,""A"":0,""C"":0}","[0.016800000000000002,0,-0.016800000000000002,-0.016800000000000002,0,0.016800000000000002]","0","0"
"lathe-used-posture-.01","lathe","boreb","used123456","known fixture via evaluate","{""X"":0,""Y"":0,""Z"":0,""A"":0,""C"":0}","[0.016800000000000002,0,-0.016800000000000002,-0.016800000000000002,0,0.016800000000000002]","111.5710986081854","112"
"lathe-used-posture-.01","lathe","borec","used123456","known fixture via evaluate","{""X"":0,""Y"":0,""Z"":0,""A"":0,""C"":0}","[0.016800000000000002,0,-0.016800000000000002,-0.016800000000000002,0,0.016800000000000002]","216.8487078722872","217"
"lathe-used-posture-.01","lathe","bored","used123456","known fixture via evaluate","{""X"":0,""Y"":0,""Z"":0,""A"":0,""C"":0}","[0.016800000000000002,0,-0.016800000000000002,-0.016800000000000002,0,0.016800000000000002]","105.74750595406316","106"
"lathe-used-posture--.01","lathe","face","used123456","known fixture via evaluate","{""X"":0,""Y"":0,""Z"":0,""A"":0,""C"":0}","[-0.016800000000000002,0,0.016800000000000002,0.016800000000000002,0,-0.016800000000000002]","-3.757939098287047","-4"
"lathe-used-posture--.01","lathe","flat","used123456","known fixture via evaluate","{""X"":0,""Y"":0,""Z"":0,""A"":0,""C"":0}","[-0.016800000000000002,0,0.016800000000000002,0.016800000000000002,0,-0.016800000000000002]","10.346998286100973","10"
"lathe-used-posture--.01","lathe","dx","used123456","known fixture via evaluate","{""X"":0,""Y"":0,""Z"":0,""A"":0,""C"":0}","[-0.016800000000000002,0,0.016800000000000002,0.016800000000000002,0,-0.016800000000000002]","139.16839908380803","139"
"lathe-used-posture--.01","lathe","dy","used123456","known fixture via evaluate","{""X"":0,""Y"":0,""Z"":0,""A"":0,""C"":0}","[-0.016800000000000002,0,0.016800000000000002,0.016800000000000002,0,-0.016800000000000002]","-2.4028927374822593","-2"
"lathe-used-posture--.01","lathe","barSide","used123456","known fixture via evaluate","{""X"":0,""Y"":0,""Z"":0,""A"":0,""C"":0}","[-0.016800000000000002,0,0.016800000000000002,0.016800000000000002,0,-0.016800000000000002]","-19.47900102136288","-19"
"lathe-used-posture--.01","lathe","barTop","used123456","known fixture via evaluate","{""X"":0,""Y"":0,""Z"":0,""A"":0,""C"":0}","[-0.016800000000000002,0,0.016800000000000002,0.016800000000000002,0,-0.016800000000000002]","-0.007953635685828409","0"
"lathe-used-posture--.01","lathe","runoutRoot","used123456","known fixture via evaluate","{""X"":0,""Y"":0,""Z"":0,""A"":0,""C"":0}","[-0.016800000000000002,0,0.016800000000000002,0.016800000000000002,0,-0.016800000000000002]","11.98505076393485","12"
"lathe-used-posture--.01","lathe","runoutTip","used123456","known fixture via evaluate","{""X"":0,""Y"":0,""Z"":0,""A"":0,""C"":0}","[-0.016800000000000002,0,0.016800000000000002,0.016800000000000002,0,-0.016800000000000002]","14.39028429697391","14"
"lathe-used-posture--.01","lathe","borea","used123456","known fixture via evaluate","{""X"":0,""Y"":0,""Z"":0,""A"":0,""C"":0}","[-0.016800000000000002,0,0.016800000000000002,0.016800000000000002,0,-0.016800000000000002]","0","0"
"lathe-used-posture--.01","lathe","boreb","used123456","known fixture via evaluate","{""X"":0,""Y"":0,""Z"":0,""A"":0,""C"":0}","[-0.016800000000000002,0,0.016800000000000002,0.016800000000000002,0,-0.016800000000000002]","141.95853621044515","142"
"lathe-used-posture--.01","lathe","borec","used123456","known fixture via evaluate","{""X"":0,""Y"":0,""Z"":0,""A"":0,""C"":0}","[-0.016800000000000002,0,0.016800000000000002,0.016800000000000002,0,-0.016800000000000002]","278.33679816761935","278"
"lathe-used-posture--.01","lathe","bored","used123456","known fixture via evaluate","{""X"":0,""Y"":0,""Z"":0,""A"":0,""C"":0}","[-0.016800000000000002,0,0.016800000000000002,0.016800000000000002,0,-0.016800000000000002]","137.15275073547875","137"
"lathe-used-posture-.05","lathe","face","used123456","known fixture via evaluate","{""X"":0,""Y"":0,""Z"":0,""A"":0,""C"":0}","[0.08400000000000002,0,-0.08400000000000002,-0.08400000000000002,0,0.08400000000000002]","-3.7579390983078635","-4"
"lathe-used-posture-.05","lathe","flat","used123456","known fixture via evaluate","{""X"":0,""Y"":0,""Z"":0,""A"":0,""C"":0}","[0.08400000000000002,0,-0.08400000000000002,-0.08400000000000002,0,0.08400000000000002]","-4.772863466314184","-5"
"lathe-used-posture-.05","lathe","dx","used123456","known fixture via evaluate","{""X"":0,""Y"":0,""Z"":0,""A"":0,""C"":0}","[0.08400000000000002,0,-0.08400000000000002,-0.08400000000000002,0,0.08400000000000002]","46.93637205810718","47"
"lathe-used-posture-.05","lathe","dy","used123456","known fixture via evaluate","{""X"":0,""Y"":0,""Z"":0,""A"":0,""C"":0}","[0.08400000000000002,0,-0.08400000000000002,-0.08400000000000002,0,0.08400000000000002]","-3.9330018612477233","-4"
"lathe-used-posture-.05","lathe","barSide","used123456","known fixture via evaluate","{""X"":0,""Y"":0,""Z"":0,""A"":0,""C"":0}","[0.08400000000000002,0,-0.08400000000000002,-0.08400000000000002,0,0.08400000000000002]","-4.3590258746815245","-4"
"lathe-used-posture-.05","lathe","barTop","used123456","known fixture via evaluate","{""X"":0,""Y"":0,""Z"":0,""A"":0,""C"":0}","[0.08400000000000002,0,-0.08400000000000002,-0.08400000000000002,0,0.08400000000000002]","0.0013315938664215654","0"
"lathe-used-posture-.05","lathe","runoutRoot","used123456","known fixture via evaluate","{""X"":0,""Y"":0,""Z"":0,""A"":0,""C"":0}","[0.08400000000000002,0,-0.08400000000000002,-0.08400000000000002,0,0.08400000000000002]","11.98505076393485","12"
"lathe-used-posture-.05","lathe","runoutTip","used123456","known fixture via evaluate","{""X"":0,""Y"":0,""Z"":0,""A"":0,""C"":0}","[0.08400000000000002,0,-0.08400000000000002,-0.08400000000000002,0,0.08400000000000002]","14.39028429697391","14"
"lathe-used-posture-.05","lathe","borea","used123456","known fixture via evaluate","{""X"":0,""Y"":0,""Z"":0,""A"":0,""C"":0}","[0.08400000000000002,0,-0.08400000000000002,-0.08400000000000002,0,0.08400000000000002]","0","0"
"lathe-used-posture-.05","lathe","boreb","used123456","known fixture via evaluate","{""X"":0,""Y"":0,""Z"":0,""A"":0,""C"":0}","[0.08400000000000002,0,-0.08400000000000002,-0.08400000000000002,0,0.08400000000000002]","50.91312504854409","51"
"lathe-used-posture-.05","lathe","borec","used123456","known fixture via evaluate","{""X"":0,""Y"":0,""Z"":0,""A"":0,""C"":0}","[0.08400000000000002,0,-0.08400000000000002,-0.08400000000000002,0,0.08400000000000002]","93.87274411621488","94"
"lathe-used-posture-.05","lathe","bored","used123456","known fixture via evaluate","{""X"":0,""Y"":0,""Z"":0,""A"":0,""C"":0}","[0.08400000000000002,0,-0.08400000000000002,-0.08400000000000002,0,0.08400000000000002]","43.047121326047346","43"
"lathe-used-posture--.05","lathe","face","used123456","known fixture via evaluate","{""X"":0,""Y"":0,""Z"":0,""A"":0,""C"":0}","[-0.08400000000000002,0,0.08400000000000002,0.08400000000000002,0,-0.08400000000000002]","-3.7579390983078635","-4"
"lathe-used-posture--.05","lathe","flat","used123456","known fixture via evaluate","{""X"":0,""Y"":0,""Z"":0,""A"":0,""C"":0}","[-0.08400000000000002,0,0.08400000000000002,0.08400000000000002,0,-0.08400000000000002]","20.427136522744444","20"
"lathe-used-posture--.05","lathe","dx","used123456","known fixture via evaluate","{""X"":0,""Y"":0,""Z"":0,""A"":0,""C"":0}","[-0.08400000000000002,0,0.08400000000000002,0.08400000000000002,0,-0.08400000000000002]","200.65659722607074","201"
"lathe-used-posture--.05","lathe","dy","used123456","known fixture via evaluate","{""X"":0,""Y"":0,""Z"":0,""A"":0,""C"":0}","[-0.08400000000000002,0,0.08400000000000002,0.08400000000000002,0,-0.08400000000000002]","-1.3884839242100382","-1"
"lathe-used-posture--.05","lathe","barSide","used123456","known fixture via evaluate","{""X"":0,""Y"":0,""Z"":0,""A"":0,""C"":0}","[-0.08400000000000002,0,0.08400000000000002,0.08400000000000002,0,-0.08400000000000002]","-29.559025829697937","-30"
"lathe-used-posture--.05","lathe","barTop","used123456","known fixture via evaluate","{""X"":0,""Y"":0,""Z"":0,""A"":0,""C"":0}","[-0.08400000000000002,0,0.08400000000000002,0.08400000000000002,0,-0.08400000000000002]","-0.019375353115316796","0"
"lathe-used-posture--.05","lathe","runoutRoot","used123456","known fixture via evaluate","{""X"":0,""Y"":0,""Z"":0,""A"":0,""C"":0}","[-0.08400000000000002,0,0.08400000000000002,0.08400000000000002,0,-0.08400000000000002]","11.98505076393485","12"
"lathe-used-posture--.05","lathe","runoutTip","used123456","known fixture via evaluate","{""X"":0,""Y"":0,""Z"":0,""A"":0,""C"":0}","[-0.08400000000000002,0,0.08400000000000002,0.08400000000000002,0,-0.08400000000000002]","14.39028429697391","14"
"lathe-used-posture--.05","lathe","borea","used123456","known fixture via evaluate","{""X"":0,""Y"":0,""Z"":0,""A"":0,""C"":0}","[-0.08400000000000002,0,0.08400000000000002,0.08400000000000002,0,-0.08400000000000002]","0","0"
"lathe-used-posture--.05","lathe","boreb","used123456","known fixture via evaluate","{""X"":0,""Y"":0,""Z"":0,""A"":0,""C"":0}","[-0.08400000000000002,0,0.08400000000000002,0.08400000000000002,0,-0.08400000000000002]","202.85031696207213","203"
"lathe-used-posture--.05","lathe","borec","used123456","known fixture via evaluate","{""X"":0,""Y"":0,""Z"":0,""A"":0,""C"":0}","[-0.08400000000000002,0,0.08400000000000002,0.08400000000000002,0,-0.08400000000000002]","401.3131944521422","401"
"lathe-used-posture--.05","lathe","bored","used123456","known fixture via evaluate","{""X"":0,""Y"":0,""Z"":0,""A"":0,""C"":0}","[-0.08400000000000002,0,0.08400000000000002,0.08400000000000002,0,-0.08400000000000002]","200.07334911364973","200"
"lathe-used-B-original","lathe","face","used123456","flat fixture","{""X"":0,""Y"":0,""Z"":0,""A"":0,""C"":0}","[0,0,0,0,0,0]","-3.7579390983043943","-4"
"lathe-used-B-original","lathe","flat","used123456","flat fixture","{""X"":0,""Y"":0,""Z"":0,""A"":0,""C"":0}","[0,0,0,0,0,0]","7.826992527158391","8"
"lathe-used-B-original","lathe","dx","used123456","flat fixture","{""X"":0,""Y"":0,""Z"":0,""A"":0,""C"":0}","[0,0,0,0,0,0]","123.79637200451012","124"
"lathe-used-B-original","lathe","dy","used123456","flat fixture","{""X"":0,""Y"":0,""Z"":0,""A"":0,""C"":0}","[0,0,0,0,0,0]","-2.65720293390892","-3"
"lathe-used-B-original","lathe","barSide","used123456","flat fixture","{""X"":0,""Y"":0,""Z"":0,""A"":0,""C"":0}","[0,0,0,0,0,0]","-16.958999990972917","-17"
"lathe-used-B-original","lathe","barTop","used123456","flat fixture","{""X"":0,""Y"":0,""Z"":0,""A"":0,""C"":0}","[0,0,0,0,0,0]","-0.00575215427546516","0"
"lathe-used-B-original","lathe","runoutRoot","used123456","flat fixture","{""X"":0,""Y"":0,""Z"":0,""A"":0,""C"":0}","[0,0,0,0,0,0]","11.98505076393485","12"
"lathe-used-B-original","lathe","runoutTip","used123456","flat fixture","{""X"":0,""Y"":0,""Z"":0,""A"":0,""C"":0}","[0,0,0,0,0,0]","14.39028429697391","14"
"lathe-used-B-original","lathe","borea","used123456","flat fixture","{""X"":0,""Y"":0,""Z"":0,""A"":0,""C"":0}","[0,0,0,0,0,0]","0","0"
"lathe-used-B-original","lathe","boreb","used123456","flat fixture","{""X"":0,""Y"":0,""Z"":0,""A"":0,""C"":0}","[0,0,0,0,0,0]","126.75994643730066","127"
"lathe-used-B-original","lathe","borec","used123456","flat fixture","{""X"":0,""Y"":0,""Z"":0,""A"":0,""C"":0}","[0,0,0,0,0,0]","247.59274400901893","248"
"lathe-used-B-original","lathe","bored","used123456","flat fixture","{""X"":0,""Y"":0,""Z"":0,""A"":0,""C"":0}","[0,0,0,0,0,0]","121.44554056948282","121"
"lathe-used-B--1","lathe","face","used123456","real coarse support button","{""X"":0,""Y"":0,""Z"":0,""A"":0,""C"":0}","[0,-0.01,0,0,0,0]","-3.75793909829919","-4"
"lathe-used-B--1","lathe","flat","used123456","real coarse support button","{""X"":0,""Y"":0,""Z"":0,""A"":0,""C"":0}","[0,-0.01,0,0,0,0]","8.576993036918044","9"
"lathe-used-B--1","lathe","dx","used123456","real coarse support button","{""X"":0,""Y"":0,""Z"":0,""A"":0,""C"":0}","[0,-0.01,0,0,0,0]","119.62117049914818","120"
"lathe-used-B--1","lathe","dy","used123456","real coarse support button","{""X"":0,""Y"":0,""Z"":0,""A"":0,""C"":0}","[0,-0.01,0,0,0,0]","-3.0311802696433214","-3"
"lathe-used-B--1","lathe","barSide","used123456","real coarse support button","{""X"":0,""Y"":0,""Z"":0,""A"":0,""C"":0}","[0,-0.01,0,0,0,0]","-17.70904099972215","-18"
"lathe-used-B--1","lathe","barTop","used123456","real coarse support button","{""X"":0,""Y"":0,""Z"":0,""A"":0,""C"":0}","[0,-0.01,0,0,0,0]","-1.5063800138607335","-2"
"lathe-used-B--1","lathe","runoutRoot","used123456","real coarse support button","{""X"":0,""Y"":0,""Z"":0,""A"":0,""C"":0}","[0,-0.01,0,0,0,0]","11.98505076393485","12"
"lathe-used-B--1","lathe","runoutTip","used123456","real coarse support button","{""X"":0,""Y"":0,""Z"":0,""A"":0,""C"":0}","[0,-0.01,0,0,0,0]","14.39028429697391","14"
"lathe-used-B--1","lathe","borea","used123456","real coarse support button","{""X"":0,""Y"":0,""Z"":0,""A"":0,""C"":0}","[0,-0.01,0,0,0,0]","0","0"
"lathe-used-B--1","lathe","boreb","used123456","real coarse support button","{""X"":0,""Y"":0,""Z"":0,""A"":0,""C"":0}","[0,-0.01,0,0,0,0]","122.93835313439624","123"
"lathe-used-B--1","lathe","borec","used123456","real coarse support button","{""X"":0,""Y"":0,""Z"":0,""A"":0,""C"":0}","[0,-0.01,0,0,0,0]","239.24234099829965","239"
"lathe-used-B--1","lathe","bored","used123456","real coarse support button","{""X"":0,""Y"":0,""Z"":0,""A"":0,""C"":0}","[0,-0.01,0,0,0,0]","116.8759925951092","117"
"lathe-used-B--1-restored","lathe","face","used123456","real inverse coarse support button","{""X"":0,""Y"":0,""Z"":0,""A"":0,""C"":0}","[0,0,0,0,0,0]","-3.7579390983043943","-4"
"lathe-used-B--1-restored","lathe","flat","used123456","real inverse coarse support button","{""X"":0,""Y"":0,""Z"":0,""A"":0,""C"":0}","[0,0,0,0,0,0]","7.826992527158391","8"
"lathe-used-B--1-restored","lathe","dx","used123456","real inverse coarse support button","{""X"":0,""Y"":0,""Z"":0,""A"":0,""C"":0}","[0,0,0,0,0,0]","123.79637200451012","124"
"lathe-used-B--1-restored","lathe","dy","used123456","real inverse coarse support button","{""X"":0,""Y"":0,""Z"":0,""A"":0,""C"":0}","[0,0,0,0,0,0]","-2.65720293390892","-3"
"lathe-used-B--1-restored","lathe","barSide","used123456","real inverse coarse support button","{""X"":0,""Y"":0,""Z"":0,""A"":0,""C"":0}","[0,0,0,0,0,0]","-16.958999990972917","-17"
"lathe-used-B--1-restored","lathe","barTop","used123456","real inverse coarse support button","{""X"":0,""Y"":0,""Z"":0,""A"":0,""C"":0}","[0,0,0,0,0,0]","-0.00575215427546516","0"
"lathe-used-B--1-restored","lathe","runoutRoot","used123456","real inverse coarse support button","{""X"":0,""Y"":0,""Z"":0,""A"":0,""C"":0}","[0,0,0,0,0,0]","11.98505076393485","12"
"lathe-used-B--1-restored","lathe","runoutTip","used123456","real inverse coarse support button","{""X"":0,""Y"":0,""Z"":0,""A"":0,""C"":0}","[0,0,0,0,0,0]","14.39028429697391","14"
"lathe-used-B--1-restored","lathe","borea","used123456","real inverse coarse support button","{""X"":0,""Y"":0,""Z"":0,""A"":0,""C"":0}","[0,0,0,0,0,0]","0","0"
"lathe-used-B--1-restored","lathe","boreb","used123456","real inverse coarse support button","{""X"":0,""Y"":0,""Z"":0,""A"":0,""C"":0}","[0,0,0,0,0,0]","126.75994643730066","127"
"lathe-used-B--1-restored","lathe","borec","used123456","real inverse coarse support button","{""X"":0,""Y"":0,""Z"":0,""A"":0,""C"":0}","[0,0,0,0,0,0]","247.59274400901893","248"
"lathe-used-B--1-restored","lathe","bored","used123456","real inverse coarse support button","{""X"":0,""Y"":0,""Z"":0,""A"":0,""C"":0}","[0,0,0,0,0,0]","121.44554056948282","121"
"lathe-used-B-1","lathe","face","used123456","real coarse support button","{""X"":0,""Y"":0,""Z"":0,""A"":0,""C"":0}","[0,0.01,0,0,0,0]","-3.75793909829919","-4"
"lathe-used-B-1","lathe","flat","used123456","real coarse support button","{""X"":0,""Y"":0,""Z"":0,""A"":0,""C"":0}","[0,0.01,0,0,0,0]","7.076993037639923","7"
"lathe-used-B-1","lathe","dx","used123456","real coarse support button","{""X"":0,""Y"":0,""Z"":0,""A"":0,""C"":0}","[0,0.01,0,0,0,0]","127.97157652496327","128"
"lathe-used-B-1","lathe","dy","used123456","real coarse support button","{""X"":0,""Y"":0,""Z"":0,""A"":0,""C"":0}","[0,0.01,0,0,0,0]","-2.2832637663736306","-2"
"lathe-used-B-1","lathe","barSide","used123456","real coarse support button","{""X"":0,""Y"":0,""Z"":0,""A"":0,""C"":0}","[0,0.01,0,0,0,0]","-16.20904100203477","-16"
"lathe-used-B-1","lathe","barTop","used123456","real coarse support button","{""X"":0,""Y"":0,""Z"":0,""A"":0,""C"":0}","[0,0.01,0,0,0,0]","1.4948525411465075","1"
"lathe-used-B-1","lathe","runoutRoot","used123456","real coarse support button","{""X"":0,""Y"":0,""Z"":0,""A"":0,""C"":0}","[0,0.01,0,0,0,0]","11.98505076393485","12"
"lathe-used-B-1","lathe","runoutTip","used123456","real coarse support button","{""X"":0,""Y"":0,""Z"":0,""A"":0,""C"":0}","[0,0.01,0,0,0,0]","14.39028429697391","14"
"lathe-used-B-1","lathe","borea","used123456","real coarse support button","{""X"":0,""Y"":0,""Z"":0,""A"":0,""C"":0}","[0,0.01,0,0,0,0]","0","0"
"lathe-used-B-1","lathe","boreb","used123456","real coarse support button","{""X"":0,""Y"":0,""Z"":0,""A"":0,""C"":0}","[0,0.01,0,0,0,0]","130.58227265903832","131"
"lathe-used-B-1","lathe","borec","used123456","real coarse support button","{""X"":0,""Y"":0,""Z"":0,""A"":0,""C"":0}","[0,0.01,0,0,0,0]","255.94315304992844","256"
"lathe-used-B-1","lathe","bored","used123456","real coarse support button","{""X"":0,""Y"":0,""Z"":0,""A"":0,""C"":0}","[0,0.01,0,0,0,0]","126.01574512629415","126"
"lathe-used-B-1-restored","lathe","face","used123456","real inverse coarse support button","{""X"":0,""Y"":0,""Z"":0,""A"":0,""C"":0}","[0,0,0,0,0,0]","-3.7579390983043943","-4"
"lathe-used-B-1-restored","lathe","flat","used123456","real inverse coarse support button","{""X"":0,""Y"":0,""Z"":0,""A"":0,""C"":0}","[0,0,0,0,0,0]","7.826992527158391","8"
"lathe-used-B-1-restored","lathe","dx","used123456","real inverse coarse support button","{""X"":0,""Y"":0,""Z"":0,""A"":0,""C"":0}","[0,0,0,0,0,0]","123.79637200451012","124"
"lathe-used-B-1-restored","lathe","dy","used123456","real inverse coarse support button","{""X"":0,""Y"":0,""Z"":0,""A"":0,""C"":0}","[0,0,0,0,0,0]","-2.65720293390892","-3"
"lathe-used-B-1-restored","lathe","barSide","used123456","real inverse coarse support button","{""X"":0,""Y"":0,""Z"":0,""A"":0,""C"":0}","[0,0,0,0,0,0]","-16.958999990972917","-17"
"lathe-used-B-1-restored","lathe","barTop","used123456","real inverse coarse support button","{""X"":0,""Y"":0,""Z"":0,""A"":0,""C"":0}","[0,0,0,0,0,0]","-0.00575215427546516","0"
"lathe-used-B-1-restored","lathe","runoutRoot","used123456","real inverse coarse support button","{""X"":0,""Y"":0,""Z"":0,""A"":0,""C"":0}","[0,0,0,0,0,0]","11.98505076393485","12"
"lathe-used-B-1-restored","lathe","runoutTip","used123456","real inverse coarse support button","{""X"":0,""Y"":0,""Z"":0,""A"":0,""C"":0}","[0,0,0,0,0,0]","14.39028429697391","14"
"lathe-used-B-1-restored","lathe","borea","used123456","real inverse coarse support button","{""X"":0,""Y"":0,""Z"":0,""A"":0,""C"":0}","[0,0,0,0,0,0]","0","0"
"lathe-used-B-1-restored","lathe","boreb","used123456","real inverse coarse support button","{""X"":0,""Y"":0,""Z"":0,""A"":0,""C"":0}","[0,0,0,0,0,0]","126.75994643730066","127"
"lathe-used-B-1-restored","lathe","borec","used123456","real inverse coarse support button","{""X"":0,""Y"":0,""Z"":0,""A"":0,""C"":0}","[0,0,0,0,0,0]","247.59274400901893","248"
"lathe-used-B-1-restored","lathe","bored","used123456","real inverse coarse support button","{""X"":0,""Y"":0,""Z"":0,""A"":0,""C"":0}","[0,0,0,0,0,0]","121.44554056948282","121"
"horizontal-legacy-import","horizontal","XY","used123456","actual before file imported in final","{""X"":37,""Y"":-21,""Z"":-62,""A"":0,""C"":0}","[0,0.01,0,0,0,0,0,0]","16.958999991661603","17"
"horizontal-legacy-import","horizontal","XZ","used123456","actual before file imported in final","{""X"":37,""Y"":-21,""Z"":-62,""A"":0,""C"":0}","[0,0.01,0,0,0,0,0,0]","8.722397702769225","9"
"horizontal-legacy-import","horizontal","YZ","used123456","actual before file imported in final","{""X"":37,""Y"":-21,""Z"":-62,""A"":0,""C"":0}","[0,0.01,0,0,0,0,0,0]","12.897161037542237","13"
"horizontal-legacy-import","horizontal","a","used123456","actual before file imported in final","{""X"":37,""Y"":-21,""Z"":-62,""A"":0,""C"":0}","[0,0.01,0,0,0,0,0,0]","9.769186841066674","10"
"horizontal-legacy-import","horizontal","b","used123456","actual before file imported in final","{""X"":37,""Y"":-21,""Z"":-62,""A"":0,""C"":0}","[0,0.01,0,0,0,0,0,0]","12.712302866004638","13"
"horizontal-mobile-swipe","horizontal","XY","used123456","actual Chromium touch swipe","{""X"":0,""Y"":0,""Z"":0,""A"":0,""C"":0}","[0,0,0,0,0,0,0,0]","16.958999991522823","17"
"horizontal-mobile-swipe","horizontal","XZ","used123456","actual Chromium touch swipe","{""X"":0,""Y"":0,""Z"":0,""A"":0,""C"":0}","[0,0,0,0,0,0,0,0]","8.12899999891835","8"
"horizontal-mobile-swipe","horizontal","YZ","used123456","actual Chromium touch swipe","{""X"":0,""Y"":0,""Z"":0,""A"":0,""C"":0}","[0,0,0,0,0,0,0,0]","14.119999995145655","14"
"horizontal-mobile-swipe","horizontal","a","used123456","actual Chromium touch swipe","{""X"":0,""Y"":0,""Z"":0,""A"":0,""C"":0}","[0,0,0,0,0,0,0,0]","8.125810727274697","8"
"horizontal-mobile-swipe","horizontal","b","used123456","actual Chromium touch swipe","{""X"":0,""Y"":0,""Z"":0,""A"":0,""C"":0}","[0,0,0,0,0,0,0,0]","14.118678122277545","14"
"lathe-legacy-import","lathe","face","used123456","actual before file imported in final","{""X"":37,""Y"":0,""Z"":-62,""A"":0,""C"":0}","[0,0.01,0,0,0,0]","-3.7579390983269456","-4"
"lathe-legacy-import","lathe","flat","used123456","actual before file imported in final","{""X"":37,""Y"":0,""Z"":-62,""A"":0,""C"":0}","[0,0.01,0,0,0,0]","8.576993088897297","9"
"lathe-legacy-import","lathe","dx","used123456","actual before file imported in final","{""X"":37,""Y"":0,""Z"":-62,""A"":0,""C"":0}","[0,0.01,0,0,0,0]","102.75236290180737","103"
"lathe-legacy-import","lathe","dy","used123456","actual before file imported in final","{""X"":37,""Y"":0,""Z"":-62,""A"":0,""C"":0}","[0,0.01,0,0,0,0]","-2.5814418730723987","-3"
"lathe-legacy-import","lathe","barSide","used123456","actual before file imported in final","{""X"":37,""Y"":0,""Z"":-62,""A"":0,""C"":0}","[0,0.01,0,0,0,0]","-17.709000439927042","-18"
"lathe-legacy-import","lathe","barTop","used123456","actual before file imported in final","{""X"":37,""Y"":0,""Z"":-62,""A"":0,""C"":0}","[0,0.01,0,0,0,0]","-0.006358111167767411","0"
"lathe-legacy-import","lathe","runoutRoot","used123456","actual before file imported in final","{""X"":37,""Y"":0,""Z"":-62,""A"":0,""C"":0}","[0,0.01,0,0,0,0]","11.98505076393485","12"
"lathe-legacy-import","lathe","runoutTip","used123456","actual before file imported in final","{""X"":37,""Y"":0,""Z"":-62,""A"":0,""C"":0}","[0,0.01,0,0,0,0]","14.39028429697391","14"
"lathe-legacy-import","lathe","borea","used123456","actual before file imported in final","{""X"":37,""Y"":0,""Z"":-62,""A"":0,""C"":0}","[0,0.01,0,0,0,0]","0","0"
"lathe-legacy-import","lathe","boreb","used123456","actual before file imported in final","{""X"":37,""Y"":0,""Z"":-62,""A"":0,""C"":0}","[0,0.01,0,0,0,0]","105.54483335145984","106"
"lathe-legacy-import","lathe","borec","used123456","actual before file imported in final","{""X"":37,""Y"":0,""Z"":-62,""A"":0,""C"":0}","[0,0.01,0,0,0,0]","205.50472580361384","206"
"lathe-legacy-import","lathe","bored","used123456","actual before file imported in final","{""X"":37,""Y"":0,""Z"":-62,""A"":0,""C"":0}","[0,0.01,0,0,0,0]","100.38194960531807","100"
"lathe-mobile-swipe","lathe","face","used123456","actual Chromium touch swipe","{""X"":0,""Y"":0,""Z"":0,""A"":0,""C"":0}","[0,0,0,0,0,0]","-3.7579390983043943","-4"
"lathe-mobile-swipe","lathe","flat","used123456","actual Chromium touch swipe","{""X"":0,""Y"":0,""Z"":0,""A"":0,""C"":0}","[0,0,0,0,0,0]","7.826992527158391","8"
"lathe-mobile-swipe","lathe","dx","used123456","actual Chromium touch swipe","{""X"":0,""Y"":0,""Z"":0,""A"":0,""C"":0}","[0,0,0,0,0,0]","123.79637200451012","124"
"lathe-mobile-swipe","lathe","dy","used123456","actual Chromium touch swipe","{""X"":0,""Y"":0,""Z"":0,""A"":0,""C"":0}","[0,0,0,0,0,0]","-2.65720293390892","-3"
"lathe-mobile-swipe","lathe","barSide","used123456","actual Chromium touch swipe","{""X"":0,""Y"":0,""Z"":0,""A"":0,""C"":0}","[0,0,0,0,0,0]","-16.958999990972917","-17"
"lathe-mobile-swipe","lathe","barTop","used123456","actual Chromium touch swipe","{""X"":0,""Y"":0,""Z"":0,""A"":0,""C"":0}","[0,0,0,0,0,0]","-0.00575215427546516","0"
"lathe-mobile-swipe","lathe","runoutRoot","used123456","actual Chromium touch swipe","{""X"":0,""Y"":0,""Z"":0,""A"":0,""C"":0}","[0,0,0,0,0,0]","11.98505076393485","12"
"lathe-mobile-swipe","lathe","runoutTip","used123456","actual Chromium touch swipe","{""X"":0,""Y"":0,""Z"":0,""A"":0,""C"":0}","[0,0,0,0,0,0]","14.39028429697391","14"
"lathe-mobile-swipe","lathe","borea","used123456","actual Chromium touch swipe","{""X"":0,""Y"":0,""Z"":0,""A"":0,""C"":0}","[0,0,0,0,0,0]","0","0"
"lathe-mobile-swipe","lathe","boreb","used123456","actual Chromium touch swipe","{""X"":0,""Y"":0,""Z"":0,""A"":0,""C"":0}","[0,0,0,0,0,0]","126.75994643730066","127"
"lathe-mobile-swipe","lathe","borec","used123456","actual Chromium touch swipe","{""X"":0,""Y"":0,""Z"":0,""A"":0,""C"":0}","[0,0,0,0,0,0]","247.59274400901893","248"
"lathe-mobile-swipe","lathe","bored","used123456","actual Chromium touch swipe","{""X"":0,""Y"":0,""Z"":0,""A"":0,""C"":0}","[0,0,0,0,0,0]","121.44554056948282","121"
