"state","pair","method","beforeRaw","beforeDisplay","afterRaw","afterDisplay","independentContactExpected","independentSupportExpected","independentSectionExpected","independentSupportScope","positions","supportsMm"
"ideal-central-flat","XY","known ideal/used flat fixture via evaluate","0","0","0","0","0","null","null","No numerical formula change; exact before/after preservation","{""X"":0,""Y"":0,""Z"":0,""A"":0,""C"":0}","[0,0,0,0,0,0,0,0]"
"ideal-central-flat","XZ","known ideal/used flat fixture via evaluate","0","0","0","0","0","null","null","No numerical formula change; exact before/after preservation","{""X"":0,""Y"":0,""Z"":0,""A"":0,""C"":0}","[0,0,0,0,0,0,0,0]"
"ideal-central-flat","YZ","known ideal/used flat fixture via evaluate","0","0","1.1102230246251565e-10","0","1.1102230246251565e-10","3.970466940254533e-19","2.541098841762901e-17","Independent full 3D support/profile/axis-to-YZ, production poses not used","{""X"":0,""Y"":0,""Z"":0,""A"":0,""C"":0}","[0,0,0,0,0,0,0,0]"
"ideal-central-flat","a","known ideal/used flat fixture via evaluate","0","0","0","0","0","null","null","No numerical formula change; exact before/after preservation","{""X"":0,""Y"":0,""Z"":0,""A"":0,""C"":0}","[0,0,0,0,0,0,0,0]"
"ideal-central-flat","b","known ideal/used flat fixture via evaluate","0","0","0","0","0","null","null","No numerical formula change; exact before/after preservation","{""X"":0,""Y"":0,""Z"":0,""A"":0,""C"":0}","[0,0,0,0,0,0,0,0]"
"ideal-central-B-raise","XY","actual support buttons","0","0","0","0","0","null","null","No numerical formula change; exact before/after preservation","{""X"":0,""Y"":0,""Z"":0,""A"":0,""C"":0}","[0,0.01,0,0,0,0,0,0]"
"ideal-central-B-raise","XZ","actual support buttons","0.46815164373749385","0","0.46815164373749385","0","0.46815164373749385","null","null","No numerical formula change; exact before/after preservation","{""X"":0,""Y"":0,""Z"":0,""A"":0,""C"":0}","[0,0.01,0,0,0,0,0,0]"
"ideal-central-B-raise","YZ","actual support buttons","-1.576067356935662","-2","1.5760827796040129","+2","1.5760827796040129","1.5760827794930814","null","Independent full 3D support/profile/axis-to-YZ, production poses not used","{""X"":0,""Y"":0,""Z"":0,""A"":0,""C"":0}","[0,0.01,0,0,0,0,0,0]"
"ideal-central-B-raise","a","actual support buttons","1.3404838548978364","+1","1.3404838548978364","+1","1.3404838548961018","null","null","No numerical formula change; exact before/after preservation","{""X"":0,""Y"":0,""Z"":0,""A"":0,""C"":0}","[0,0.01,0,0,0,0,0,0]"
"ideal-central-B-raise","b","actual support buttons","-2.5543987886879336","-3","-2.5543987886879336","-3","-2.554398788833651","null","null","No numerical formula change; exact before/after preservation","{""X"":0,""Y"":0,""Z"":0,""A"":0,""C"":0}","[0,0.01,0,0,0,0,0,0]"
"ideal-central-B-raise-restored","XY","actual support buttons","0","0","0","0","0","null","null","No numerical formula change; exact before/after preservation","{""X"":0,""Y"":0,""Z"":0,""A"":0,""C"":0}","[0,0,0,0,0,0,0,0]"
"ideal-central-B-raise-restored","XZ","actual support buttons","0","0","0","0","0","null","null","No numerical formula change; exact before/after preservation","{""X"":0,""Y"":0,""Z"":0,""A"":0,""C"":0}","[0,0,0,0,0,0,0,0]"
"ideal-central-B-raise-restored","YZ","actual support buttons","0","0","1.1102230246251565e-10","0","1.1102230246251565e-10","3.970466940254533e-19","2.541098841762901e-17","Independent full 3D support/profile/axis-to-YZ, production poses not used","{""X"":0,""Y"":0,""Z"":0,""A"":0,""C"":0}","[0,0,0,0,0,0,0,0]"
"ideal-central-B-raise-restored","a","actual support buttons","0","0","0","0","0","null","null","No numerical formula change; exact before/after preservation","{""X"":0,""Y"":0,""Z"":0,""A"":0,""C"":0}","[0,0,0,0,0,0,0,0]"
"ideal-central-B-raise-restored","b","actual support buttons","0","0","0","0","0","null","null","No numerical formula change; exact before/after preservation","{""X"":0,""Y"":0,""Z"":0,""A"":0,""C"":0}","[0,0,0,0,0,0,0,0]"
"ideal-central-B-lower","XY","actual support buttons","0","0","0","0","0","null","null","No numerical formula change; exact before/after preservation","{""X"":0,""Y"":0,""Z"":0,""A"":0,""C"":0}","[0,-0.01,0,0,0,0,0,0]"
"ideal-central-B-lower","XZ","actual support buttons","-0.4681495071375691","0","-0.4681495071375691","0","-0.4681495071375691","null","null","No numerical formula change; exact before/after preservation","{""X"":0,""Y"":0,""Z"":0,""A"":0,""C"":0}","[0,-0.01,0,0,0,0,0,0]"
"ideal-central-B-lower","YZ","actual support buttons","1.5761065561004095","+2","-1.5760911330590932","-2","-1.5760911330590932","-1.5760911331700498","null","Independent full 3D support/profile/axis-to-YZ, production poses not used","{""X"":0,""Y"":0,""Z"":0,""A"":0,""C"":0}","[0,-0.01,0,0,0,0,0,0]"
"ideal-central-B-lower","a","actual support buttons","-1.3407421650280664","-1","-1.3407421650280664","-1","-1.3407421650298013","null","null","No numerical formula change; exact before/after preservation","{""X"":0,""Y"":0,""Z"":0,""A"":0,""C"":0}","[0,-0.01,0,0,0,0,0,0]"
"ideal-central-B-lower","b","actual support buttons","2.554296863339564","+3","2.554296863339564","+3","2.554296863056804","null","null","No numerical formula change; exact before/after preservation","{""X"":0,""Y"":0,""Z"":0,""A"":0,""C"":0}","[0,-0.01,0,0,0,0,0,0]"
"ideal-central-B-lower-restored","XY","actual support buttons","0","0","0","0","0","null","null","No numerical formula change; exact before/after preservation","{""X"":0,""Y"":0,""Z"":0,""A"":0,""C"":0}","[0,0,0,0,0,0,0,0]"
"ideal-central-B-lower-restored","XZ","actual support buttons","0","0","0","0","0","null","null","No numerical formula change; exact before/after preservation","{""X"":0,""Y"":0,""Z"":0,""A"":0,""C"":0}","[0,0,0,0,0,0,0,0]"
"ideal-central-B-lower-restored","YZ","actual support buttons","0","0","1.1102230246251565e-10","0","1.1102230246251565e-10","3.970466940254533e-19","2.541098841762901e-17","Independent full 3D support/profile/axis-to-YZ, production poses not used","{""X"":0,""Y"":0,""Z"":0,""A"":0,""C"":0}","[0,0,0,0,0,0,0,0]"
"ideal-central-B-lower-restored","a","actual support buttons","0","0","0","0","0","null","null","No numerical formula change; exact before/after preservation","{""X"":0,""Y"":0,""Z"":0,""A"":0,""C"":0}","[0,0,0,0,0,0,0,0]"
"ideal-central-B-lower-restored","b","actual support buttons","0","0","0","0","0","null","null","No numerical formula change; exact before/after preservation","{""X"":0,""Y"":0,""Z"":0,""A"":0,""C"":0}","[0,0,0,0,0,0,0,0]"
"ideal-central-E-raise","XY","actual support buttons","1.9637175195479084","+2","1.9637175195479084","+2","1.9637175195479084","null","null","No numerical formula change; exact before/after preservation","{""X"":0,""Y"":0,""Z"":0,""A"":0,""C"":0}","[0,0,0,0,0.01,0,0,0]"
"ideal-central-E-raise","XZ","actual support buttons","-0.46813963864265895","0","-0.46813963864265895","0","-0.46813963864265895","null","null","No numerical formula change; exact before/after preservation","{""X"":0,""Y"":0,""Z"":0,""A"":0,""C"":0}","[0,0,0,0,0.01,0,0,0]"
"ideal-central-E-raise","YZ","actual support buttons","0.86956251820966","+1","-0.869568954829994","-1","-0.8695689548334634","-0.869568954718837","null","Independent full 3D support/profile/axis-to-YZ, production poses not used","{""X"":0,""Y"":0,""Z"":0,""A"":0,""C"":0}","[0,0,0,0,0.01,0,0,0]"
"ideal-central-E-raise","a","actual support buttons","0.35875981997841866","0","0.35875981997841866","0","0.35875981998362283","null","null","No numerical formula change; exact before/after preservation","{""X"":0,""Y"":0,""Z"":0,""A"":0,""C"":0}","[0,0,0,0,0.01,0,0,0]"
"ideal-central-E-raise","b","actual support buttons","-0.10871368519120572","0","-0.10871368519120572","0","-0.10871368508885704","null","null","No numerical formula change; exact before/after preservation","{""X"":0,""Y"":0,""Z"":0,""A"":0,""C"":0}","[0,0,0,0,0.01,0,0,0]"
"ideal-central-E-raise-restored","XY","actual support buttons","0","0","0","0","0","null","null","No numerical formula change; exact before/after preservation","{""X"":0,""Y"":0,""Z"":0,""A"":0,""C"":0}","[0,0,0,0,0,0,0,0]"
"ideal-central-E-raise-restored","XZ","actual support buttons","0","0","0","0","0","null","null","No numerical formula change; exact before/after preservation","{""X"":0,""Y"":0,""Z"":0,""A"":0,""C"":0}","[0,0,0,0,0,0,0,0]"
"ideal-central-E-raise-restored","YZ","actual support buttons","0","0","1.1102230246251565e-10","0","1.1102230246251565e-10","3.970466940254533e-19","2.541098841762901e-17","Independent full 3D support/profile/axis-to-YZ, production poses not used","{""X"":0,""Y"":0,""Z"":0,""A"":0,""C"":0}","[0,0,0,0,0,0,0,0]"
"ideal-central-E-raise-restored","a","actual support buttons","0","0","0","0","0","null","null","No numerical formula change; exact before/after preservation","{""X"":0,""Y"":0,""Z"":0,""A"":0,""C"":0}","[0,0,0,0,0,0,0,0]"
"ideal-central-E-raise-restored","b","actual support buttons","0","0","0","0","0","null","null","No numerical formula change; exact before/after preservation","{""X"":0,""Y"":0,""Z"":0,""A"":0,""C"":0}","[0,0,0,0,0,0,0,0]"
"ideal-central-E-lower","XY","actual support buttons","-1.9637121475620662","-2","-1.9637121475620662","-2","-1.9637121475620662","null","null","No numerical formula change; exact before/after preservation","{""X"":0,""Y"":0,""Z"":0,""A"":0,""C"":0}","[0,0,0,0,-0.01,0,0,0]"
"ideal-central-E-lower","XZ","actual support buttons","0.4681615128326183","0","0.4681615128326183","0","0.4681615128308836","null","null","No numerical formula change; exact before/after preservation","{""X"":0,""Y"":0,""Z"":0,""A"":0,""C"":0}","[0,0,0,0,-0.01,0,0,0]"
"ideal-central-E-lower","YZ","actual support buttons","-0.8695679167974868","-1","0.8695614802725626","+1","0.8695614802673585","0.8695614801491401","null","Independent full 3D support/profile/axis-to-YZ, production poses not used","{""X"":0,""Y"":0,""Z"":0,""A"":0,""C"":0}","[0,0,0,0,-0.01,0,0,0]"
"ideal-central-E-lower","a","actual support buttons","-0.35875136908912475","0","-0.35875136908912475","0","-0.3587513690908595","null","null","No numerical formula change; exact before/after preservation","{""X"":0,""Y"":0,""Z"":0,""A"":0,""C"":0}","[0,0,0,0,-0.01,0,0,0]"
"ideal-central-E-lower","b","actual support buttons","0.10867762002993164","0","0.10867762002993164","0","0.10867762031269157","null","null","No numerical formula change; exact before/after preservation","{""X"":0,""Y"":0,""Z"":0,""A"":0,""C"":0}","[0,0,0,0,-0.01,0,0,0]"
"ideal-central-E-lower-restored","XY","actual support buttons","0","0","0","0","0","null","null","No numerical formula change; exact before/after preservation","{""X"":0,""Y"":0,""Z"":0,""A"":0,""C"":0}","[0,0,0,0,0,0,0,0]"
"ideal-central-E-lower-restored","XZ","actual support buttons","0","0","0","0","0","null","null","No numerical formula change; exact before/after preservation","{""X"":0,""Y"":0,""Z"":0,""A"":0,""C"":0}","[0,0,0,0,0,0,0,0]"
"ideal-central-E-lower-restored","YZ","actual support buttons","0","0","1.1102230246251565e-10","0","1.1102230246251565e-10","3.970466940254533e-19","2.541098841762901e-17","Independent full 3D support/profile/axis-to-YZ, production poses not used","{""X"":0,""Y"":0,""Z"":0,""A"":0,""C"":0}","[0,0,0,0,0,0,0,0]"
"ideal-central-E-lower-restored","a","actual support buttons","0","0","0","0","0","null","null","No numerical formula change; exact before/after preservation","{""X"":0,""Y"":0,""Z"":0,""A"":0,""C"":0}","[0,0,0,0,0,0,0,0]"
"ideal-central-E-lower-restored","b","actual support buttons","0","0","0","0","0","null","null","No numerical formula change; exact before/after preservation","{""X"":0,""Y"":0,""Z"":0,""A"":0,""C"":0}","[0,0,0,0,0,0,0,0]"
"ideal-central-G-raise","XY","actual support buttons","-1.9637121483929987","-2","-1.9637121483929987","-2","-1.9637121483929987","null","null","No numerical formula change; exact before/after preservation","{""X"":0,""Y"":0,""Z"":0,""A"":0,""C"":0}","[0,0,0,0,0,0,0.01,0]"
"ideal-central-G-raise","XZ","actual support buttons","0.5934286477406875","+1","0.5934286477406875","+1","0.5934286477406875","null","null","No numerical formula change; exact before/after preservation","{""X"":0,""Y"":0,""Z"":0,""A"":0,""C"":0}","[0,0,0,0,0,0,0.01,0]"
"ideal-central-G-raise","YZ","actual support buttons","-1.2228260869457523","-1","1.222826087167797","+1","1.2228260871660623","1.222826086949534","null","Independent full 3D support/profile/axis-to-YZ, production poses not used","{""X"":0,""Y"":0,""Z"":0,""A"":0,""C"":0}","[0,0,0,0,0,0,0.01,0]"
"ideal-central-G-raise","a","actual support buttons","-0.00002945088964367848","0","-0.00002945088964367848","0","-0.000029450879235337624","null","null","No numerical formula change; exact before/after preservation","{""X"":0,""Y"":0,""Z"":0,""A"":0,""C"":0}","[0,0,0,0,0,0,0.01,0]"
"ideal-central-G-raise","b","actual support buttons","-1.2228260869474872","-1","-1.2228260869474872","-1","-1.2228260870654484","null","null","No numerical formula change; exact before/after preservation","{""X"":0,""Y"":0,""Z"":0,""A"":0,""C"":0}","[0,0,0,0,0,0,0.01,0]"
"ideal-central-G-raise-restored","XY","actual support buttons","0","0","0","0","0","null","null","No numerical formula change; exact before/after preservation","{""X"":0,""Y"":0,""Z"":0,""A"":0,""C"":0}","[0,0,0,0,0,0,0,0]"
"ideal-central-G-raise-restored","XZ","actual support buttons","0","0","0","0","0","null","null","No numerical formula change; exact before/after preservation","{""X"":0,""Y"":0,""Z"":0,""A"":0,""C"":0}","[0,0,0,0,0,0,0,0]"
"ideal-central-G-raise-restored","YZ","actual support buttons","0","0","1.1102230246251565e-10","0","1.1102230246251565e-10","3.970466940254533e-19","2.541098841762901e-17","Independent full 3D support/profile/axis-to-YZ, production poses not used","{""X"":0,""Y"":0,""Z"":0,""A"":0,""C"":0}","[0,0,0,0,0,0,0,0]"
"ideal-central-G-raise-restored","a","actual support buttons","0","0","0","0","0","null","null","No numerical formula change; exact before/after preservation","{""X"":0,""Y"":0,""Z"":0,""A"":0,""C"":0}","[0,0,0,0,0,0,0,0]"
"ideal-central-G-raise-restored","b","actual support buttons","0","0","0","0","0","null","null","No numerical formula change; exact before/after preservation","{""X"":0,""Y"":0,""Z"":0,""A"":0,""C"":0}","[0,0,0,0,0,0,0,0]"
"ideal-central-G-lower","XY","actual support buttons","1.9637175191888208","+2","1.9637175191888208","+2","1.9637175191888208","null","null","No numerical formula change; exact before/after preservation","{""X"":0,""Y"":0,""Z"":0,""A"":0,""C"":0}","[0,0,0,0,0,0,-0.01,0]"
"ideal-central-G-lower","XZ","actual support buttons","-0.5934319663603721","-1","-0.5934319663603721","-1","-0.5934319663621068","null","null","No numerical formula change; exact before/after preservation","{""X"":0,""Y"":0,""Z"":0,""A"":0,""C"":0}","[0,0,0,0,0,0,-0.01,0]"
"ideal-central-G-lower","YZ","actual support buttons","1.222826087167797","+1","-1.2228260870533054","-1","-1.22282608705504","-1.222826086949534","null","Independent full 3D support/profile/axis-to-YZ, production poses not used","{""X"":0,""Y"":0,""Z"":0,""A"":0,""C"":0}","[0,0,0,0,0,0,-0.01,0]"
"ideal-central-G-lower","a","actual support buttons","-0.00002945088964367848","0","-0.00002945088964367848","0","-0.000029450886174231528","null","null","No numerical formula change; exact before/after preservation","{""X"":0,""Y"":0,""Z"":0,""A"":0,""C"":0}","[0,0,0,0,0,0,-0.01,0]"
"ideal-central-G-lower","b","actual support buttons","1.2228260869509566","+1","1.2228260869509566","+1","1.2228260866248286","null","null","No numerical formula change; exact before/after preservation","{""X"":0,""Y"":0,""Z"":0,""A"":0,""C"":0}","[0,0,0,0,0,0,-0.01,0]"
"ideal-central-G-lower-restored","XY","actual support buttons","0","0","0","0","0","null","null","No numerical formula change; exact before/after preservation","{""X"":0,""Y"":0,""Z"":0,""A"":0,""C"":0}","[0,0,0,0,0,0,0,0]"
"ideal-central-G-lower-restored","XZ","actual support buttons","0","0","0","0","0","null","null","No numerical formula change; exact before/after preservation","{""X"":0,""Y"":0,""Z"":0,""A"":0,""C"":0}","[0,0,0,0,0,0,0,0]"
"ideal-central-G-lower-restored","YZ","actual support buttons","0","0","1.1102230246251565e-10","0","1.1102230246251565e-10","3.970466940254533e-19","2.541098841762901e-17","Independent full 3D support/profile/axis-to-YZ, production poses not used","{""X"":0,""Y"":0,""Z"":0,""A"":0,""C"":0}","[0,0,0,0,0,0,0,0]"
"ideal-central-G-lower-restored","a","actual support buttons","0","0","0","0","0","null","null","No numerical formula change; exact before/after preservation","{""X"":0,""Y"":0,""Z"":0,""A"":0,""C"":0}","[0,0,0,0,0,0,0,0]"
"ideal-central-G-lower-restored","b","actual support buttons","0","0","0","0","0","null","null","No numerical formula change; exact before/after preservation","{""X"":0,""Y"":0,""Z"":0,""A"":0,""C"":0}","[0,0,0,0,0,0,0,0]"
"ideal-central-H-raise","XY","actual support buttons","1.963712681058924","+2","1.963712681058924","+2","1.963712681058924","null","null","No numerical formula change; exact before/after preservation","{""X"":0,""Y"":0,""Z"":0,""A"":0,""C"":0}","[0,0,0,0,0,0,0,0.01]"
"ideal-central-H-raise","XZ","actual support buttons","-0.5934275940488315","-1","-0.5934275940488315","-1","-0.5934275940488315","null","null","No numerical formula change; exact before/after preservation","{""X"":0,""Y"":0,""Z"":0,""A"":0,""C"":0}","[0,0,0,0,0,0,0,0.01]"
"ideal-central-H-raise","YZ","actual support buttons","-1.2228260869457523","-1","1.222826087167797","+1","1.2228260871660623","1.222826086949534","null","Independent full 3D support/profile/axis-to-YZ, production poses not used","{""X"":0,""Y"":0,""Z"":0,""A"":0,""C"":0}","[0,0,0,0,0,0,0,0.01]"
"ideal-central-H-raise","a","actual support buttons","-0.0000303612586460833","0","-0.0000303612586460833","0","-0.000030361262115530252","null","null","No numerical formula change; exact before/after preservation","{""X"":0,""Y"":0,""Z"":0,""A"":0,""C"":0}","[0,0,0,0,0,0,0,0.01]"
"ideal-central-H-raise","b","actual support buttons","-1.2228260869474872","-1","-1.2228260869474872","-1","-1.2228260870654484","null","null","No numerical formula change; exact before/after preservation","{""X"":0,""Y"":0,""Z"":0,""A"":0,""C"":0}","[0,0,0,0,0,0,0,0.01]"
"ideal-central-H-raise-restored","XY","actual support buttons","0","0","0","0","0","null","null","No numerical formula change; exact before/after preservation","{""X"":0,""Y"":0,""Z"":0,""A"":0,""C"":0}","[0,0,0,0,0,0,0,0]"
"ideal-central-H-raise-restored","XZ","actual support buttons","0","0","0","0","0","null","null","No numerical formula change; exact before/after preservation","{""X"":0,""Y"":0,""Z"":0,""A"":0,""C"":0}","[0,0,0,0,0,0,0,0]"
"ideal-central-H-raise-restored","YZ","actual support buttons","0","0","1.1102230246251565e-10","0","1.1102230246251565e-10","3.970466940254533e-19","2.541098841762901e-17","Independent full 3D support/profile/axis-to-YZ, production poses not used","{""X"":0,""Y"":0,""Z"":0,""A"":0,""C"":0}","[0,0,0,0,0,0,0,0]"
"ideal-central-H-raise-restored","a","actual support buttons","0","0","0","0","0","null","null","No numerical formula change; exact before/after preservation","{""X"":0,""Y"":0,""Z"":0,""A"":0,""C"":0}","[0,0,0,0,0,0,0,0]"
"ideal-central-H-raise-restored","b","actual support buttons","0","0","0","0","0","null","null","No numerical formula change; exact before/after preservation","{""X"":0,""Y"":0,""Z"":0,""A"":0,""C"":0}","[0,0,0,0,0,0,0,0]"
"ideal-central-H-lower","XY","actual support buttons","-1.963716985898395","-2","-1.963716985898395","-2","-1.963716985898395","null","null","No numerical formula change; exact before/after preservation","{""X"":0,""Y"":0,""Z"":0,""A"":0,""C"":0}","[0,0,0,0,0,0,0,-0.01]"
"ideal-central-H-lower","XZ","actual support buttons","0.5934330200175336","+1","0.5934330200175336","+1","0.5934330200157989","null","null","No numerical formula change; exact before/after preservation","{""X"":0,""Y"":0,""Z"":0,""A"":0,""C"":0}","[0,0,0,0,0,0,0,-0.01]"
"ideal-central-H-lower","YZ","actual support buttons","1.222826087167797","+1","-1.2228260870533054","-1","-1.22282608705504","-1.222826086949534","null","Independent full 3D support/profile/axis-to-YZ, production poses not used","{""X"":0,""Y"":0,""Z"":0,""A"":0,""C"":0}","[0,0,0,0,0,0,0,-0.01]"
"ideal-central-H-lower","a","actual support buttons","-0.0000303612586460833","0","-0.0000303612586460833","0","-0.000030361262115530252","null","null","No numerical formula change; exact before/after preservation","{""X"":0,""Y"":0,""Z"":0,""A"":0,""C"":0}","[0,0,0,0,0,0,0,-0.01]"
"ideal-central-H-lower","b","actual support buttons","1.2228260869509566","+1","1.2228260869509566","+1","1.2228260866248286","null","null","No numerical formula change; exact before/after preservation","{""X"":0,""Y"":0,""Z"":0,""A"":0,""C"":0}","[0,0,0,0,0,0,0,-0.01]"
"ideal-central-H-lower-restored","XY","actual support buttons","0","0","0","0","0","null","null","No numerical formula change; exact before/after preservation","{""X"":0,""Y"":0,""Z"":0,""A"":0,""C"":0}","[0,0,0,0,0,0,0,0]"
"ideal-central-H-lower-restored","XZ","actual support buttons","0","0","0","0","0","null","null","No numerical formula change; exact before/after preservation","{""X"":0,""Y"":0,""Z"":0,""A"":0,""C"":0}","[0,0,0,0,0,0,0,0]"
"ideal-central-H-lower-restored","YZ","actual support buttons","0","0","1.1102230246251565e-10","0","1.1102230246251565e-10","3.970466940254533e-19","2.541098841762901e-17","Independent full 3D support/profile/axis-to-YZ, production poses not used","{""X"":0,""Y"":0,""Z"":0,""A"":0,""C"":0}","[0,0,0,0,0,0,0,0]"
"ideal-central-H-lower-restored","a","actual support buttons","0","0","0","0","0","null","null","No numerical formula change; exact before/after preservation","{""X"":0,""Y"":0,""Z"":0,""A"":0,""C"":0}","[0,0,0,0,0,0,0,0]"
"ideal-central-H-lower-restored","b","actual support buttons","0","0","0","0","0","null","null","No numerical formula change; exact before/after preservation","{""X"":0,""Y"":0,""Z"":0,""A"":0,""C"":0}","[0,0,0,0,0,0,0,0]"
"ideal-Zminus100-flat","XY","actual Z slider","0","0","0","0","0","null","null","No numerical formula change; exact before/after preservation","{""X"":0,""Y"":0,""Z"":-100,""A"":0,""C"":0}","[0,0,0,0,0,0,0,0]"
"ideal-Zminus100-flat","XZ","actual Z slider","0","0","0","0","0","null","null","No numerical formula change; exact before/after preservation","{""X"":0,""Y"":0,""Z"":-100,""A"":0,""C"":0}","[0,0,0,0,0,0,0,0]"
"ideal-Zminus100-flat","YZ","actual Z slider","0","0","1.1102230246251565e-10","0","1.1102230246251565e-10","3.970466940254533e-19","2.541098841762901e-17","Independent full 3D support/profile/axis-to-YZ, production poses not used","{""X"":0,""Y"":0,""Z"":-100,""A"":0,""C"":0}","[0,0,0,0,0,0,0,0]"
"ideal-Zminus100-flat","a","actual Z slider","0","0","0","0","0","null","null","No numerical formula change; exact before/after preservation","{""X"":0,""Y"":0,""Z"":-100,""A"":0,""C"":0}","[0,0,0,0,0,0,0,0]"
"ideal-Zminus100-flat","b","actual Z slider","0","0","0","0","0","null","null","No numerical formula change; exact before/after preservation","{""X"":0,""Y"":0,""Z"":-100,""A"":0,""C"":0}","[0,0,0,0,0,0,0,0]"
"ideal-Zminus100-G-raise","XY","actual support buttons","-2.3683237212988875","-2","-2.3683237212988875","-2","-2.3683237212988875","null","null","No numerical formula change; exact before/after preservation","{""X"":0,""Y"":0,""Z"":-100,""A"":0,""C"":0}","[0,0,0,0,0,0,0.01,0]"
"ideal-Zminus100-G-raise","XZ","actual support buttons","0.5934288293645007","+1","0.5934288293645007","+1","0.5934288293645007","null","null","No numerical formula change; exact before/after preservation","{""X"":0,""Y"":0,""Z"":-100,""A"":0,""C"":0}","[0,0,0,0,0,0,0.01,0]"
"ideal-Zminus100-G-raise","YZ","actual support buttons","-1.2228260870585095","-1","1.2228260871712666","+1","1.2228260871660623","1.222826086949534","null","Independent full 3D support/profile/axis-to-YZ, production poses not used","{""X"":0,""Y"":0,""Z"":-100,""A"":0,""C"":0}","[0,0,0,0,0,0,0.01,0]"
"ideal-Zminus100-G-raise","a","actual support buttons","-0.00002945088964367848","0","-0.00002945088964367848","0","-0.000029450879235337624","null","null","No numerical formula change; exact before/after preservation","{""X"":0,""Y"":0,""Z"":-100,""A"":0,""C"":0}","[0,0,0,0,0,0,0.01,0]"
"ideal-Zminus100-G-raise","b","actual support buttons","-1.2228260869474872","-1","-1.2228260869474872","-1","-1.2228260870654484","null","null","No numerical formula change; exact before/after preservation","{""X"":0,""Y"":0,""Z"":-100,""A"":0,""C"":0}","[0,0,0,0,0,0,0.01,0]"
"ideal-Zminus100-GH-raise","XY","actual support buttons","0","0","0","0","0","null","null","No numerical formula change; exact before/after preservation","{""X"":0,""Y"":0,""Z"":-100,""A"":0,""C"":0}","[0,0,0,0,0,0,0.01,0.01]"
"ideal-Zminus100-GH-raise","XZ","actual support buttons","0","0","0","0","0","null","null","No numerical formula change; exact before/after preservation","{""X"":0,""Y"":0,""Z"":-100,""A"":0,""C"":0}","[0,0,0,0,0,0,0.01,0.01]"
"ideal-Zminus100-GH-raise","YZ","actual support buttons","-2.4456521736746644","-2","2.445652173777013","+2","2.445652173777013","2.4456521738659105","2.445652173865909","Independent full 3D support/profile/axis-to-YZ, production poses not used","{""X"":0,""Y"":0,""Z"":-100,""A"":0,""C"":0}","[0,0,0,0,0,0,0.01,0.01]"
"ideal-Zminus100-GH-raise","a","actual support buttons","-0.00011962429311007661","0","-0.00011962429311007661","0","-0.00011962428964062966","null","null","No numerical formula change; exact before/after preservation","{""X"":0,""Y"":0,""Z"":-100,""A"":0,""C"":0}","[0,0,0,0,0,0,0.01,0.01]"
"ideal-Zminus100-GH-raise","b","actual support buttons","-2.4456521738706885","-2","-2.4456521738706885","-2","-2.4456521737492576","null","null","No numerical formula change; exact before/after preservation","{""X"":0,""Y"":0,""Z"":-100,""A"":0,""C"":0}","[0,0,0,0,0,0,0.01,0.01]"
"ideal-Zminus100-GH-raise-mobile","XY","same inputs; actual mobile viewport","0","0","0","0","0","null","null","No numerical formula change; exact before/after preservation","{""X"":0,""Y"":0,""Z"":-100,""A"":0,""C"":0}","[0,0,0,0,0,0,0.01,0.01]"
"ideal-Zminus100-GH-raise-mobile","XZ","same inputs; actual mobile viewport","0","0","0","0","0","null","null","No numerical formula change; exact before/after preservation","{""X"":0,""Y"":0,""Z"":-100,""A"":0,""C"":0}","[0,0,0,0,0,0,0.01,0.01]"
"ideal-Zminus100-GH-raise-mobile","YZ","same inputs; actual mobile viewport","-2.4456521736746644","-2","2.445652173777013","+2","2.445652173777013","2.4456521738659105","2.445652173865909","Independent full 3D support/profile/axis-to-YZ, production poses not used","{""X"":0,""Y"":0,""Z"":-100,""A"":0,""C"":0}","[0,0,0,0,0,0,0.01,0.01]"
"ideal-Zminus100-GH-raise-mobile","a","same inputs; actual mobile viewport","-0.00011962429311007661","0","-0.00011962429311007661","0","-0.00011962428964062966","null","null","No numerical formula change; exact before/after preservation","{""X"":0,""Y"":0,""Z"":-100,""A"":0,""C"":0}","[0,0,0,0,0,0,0.01,0.01]"
"ideal-Zminus100-GH-raise-mobile","b","same inputs; actual mobile viewport","-2.4456521738706885","-2","-2.4456521738706885","-2","-2.4456521737492576","null","null","No numerical formula change; exact before/after preservation","{""X"":0,""Y"":0,""Z"":-100,""A"":0,""C"":0}","[0,0,0,0,0,0,0.01,0.01]"
"ideal-Zminus100-GH-raise-restored","XY","actual support buttons","0","0","0","0","0","null","null","No numerical formula change; exact before/after preservation","{""X"":0,""Y"":0,""Z"":-100,""A"":0,""C"":0}","[0,0,0,0,0,0,0,0]"
"ideal-Zminus100-GH-raise-restored","XZ","actual support buttons","0","0","0","0","0","null","null","No numerical formula change; exact before/after preservation","{""X"":0,""Y"":0,""Z"":-100,""A"":0,""C"":0}","[0,0,0,0,0,0,0,0]"
"ideal-Zminus100-GH-raise-restored","YZ","actual support buttons","0","0","1.1102230246251565e-10","0","1.1102230246251565e-10","3.970466940254533e-19","2.541098841762901e-17","Independent full 3D support/profile/axis-to-YZ, production poses not used","{""X"":0,""Y"":0,""Z"":-100,""A"":0,""C"":0}","[0,0,0,0,0,0,0,0]"
"ideal-Zminus100-GH-raise-restored","a","actual support buttons","0","0","0","0","0","null","null","No numerical formula change; exact before/after preservation","{""X"":0,""Y"":0,""Z"":-100,""A"":0,""C"":0}","[0,0,0,0,0,0,0,0]"
"ideal-Zminus100-GH-raise-restored","b","actual support buttons","0","0","0","0","0","null","null","No numerical formula change; exact before/after preservation","{""X"":0,""Y"":0,""Z"":-100,""A"":0,""C"":0}","[0,0,0,0,0,0,0,0]"
"ideal-Zminus100-G-lower","XY","actual support buttons","2.3683290920652187","+2","2.3683290920652187","+2","2.3683290920652187","null","null","No numerical formula change; exact before/after preservation","{""X"":0,""Y"":0,""Z"":-100,""A"":0,""C"":0}","[0,0,0,0,0,0,-0.01,0]"
"ideal-Zminus100-G-lower","XZ","actual support buttons","-0.5934317846099241","-1","-0.5934317846099241","-1","-0.5934317846116588","null","null","No numerical formula change; exact before/after preservation","{""X"":0,""Y"":0,""Z"":-100,""A"":0,""C"":0}","[0,0,0,0,0,0,-0.01,0]"
"ideal-Zminus100-G-lower","YZ","actual support buttons","1.2228260866126854","+1","-1.2228260869388135","-1","-1.2228260869440177","-1.222826086949534","null","Independent full 3D support/profile/axis-to-YZ, production poses not used","{""X"":0,""Y"":0,""Z"":-100,""A"":0,""C"":0}","[0,0,0,0,0,0,-0.01,0]"
"ideal-Zminus100-G-lower","a","actual support buttons","-0.00002945088964367848","0","-0.00002945088964367848","0","-0.000029450886174231528","null","null","No numerical formula change; exact before/after preservation","{""X"":0,""Y"":0,""Z"":-100,""A"":0,""C"":0}","[0,0,0,0,0,0,-0.01,0]"
"ideal-Zminus100-G-lower","b","actual support buttons","1.2228260869509566","+1","1.2228260869509566","+1","1.2228260866248286","null","null","No numerical formula change; exact before/after preservation","{""X"":0,""Y"":0,""Z"":-100,""A"":0,""C"":0}","[0,0,0,0,0,0,-0.01,0]"
"ideal-Zminus100-GH-lower","XY","actual support buttons","0","0","0","0","0","null","null","No numerical formula change; exact before/after preservation","{""X"":0,""Y"":0,""Z"":-100,""A"":0,""C"":0}","[0,0,0,0,0,0,-0.01,-0.01]"
"ideal-Zminus100-GH-lower","XZ","actual support buttons","0","0","0","0","0","null","null","No numerical formula change; exact before/after preservation","{""X"":0,""Y"":0,""Z"":-100,""A"":0,""C"":0}","[0,0,0,0,0,0,-0.01,-0.01]"
"ideal-Zminus100-GH-lower","YZ","actual support buttons","2.4456521736729298","+2","-2.4456521735549686","-2","-2.4456521735549686","-2.4456521738659105","-2.445652173865909","Independent full 3D support/profile/axis-to-YZ, production poses not used","{""X"":0,""Y"":0,""Z"":-100,""A"":0,""C"":0}","[0,0,0,0,0,0,-0.01,-0.01]"
"ideal-Zminus100-GH-lower","a","actual support buttons","-0.00011962429311007661","0","-0.00011962429311007661","0","-0.00011962428964062966","null","null","No numerical formula change; exact before/after preservation","{""X"":0,""Y"":0,""Z"":-100,""A"":0,""C"":0}","[0,0,0,0,0,0,-0.01,-0.01]"
"ideal-Zminus100-GH-lower","b","actual support buttons","2.445652173877627","+2","2.445652173877627","+2","2.4456521737457884","null","null","No numerical formula change; exact before/after preservation","{""X"":0,""Y"":0,""Z"":-100,""A"":0,""C"":0}","[0,0,0,0,0,0,-0.01,-0.01]"
"ideal-Zminus100-GH-lower-restored","XY","actual support buttons","0","0","0","0","0","null","null","No numerical formula change; exact before/after preservation","{""X"":0,""Y"":0,""Z"":-100,""A"":0,""C"":0}","[0,0,0,0,0,0,0,0]"
"ideal-Zminus100-GH-lower-restored","XZ","actual support buttons","0","0","0","0","0","null","null","No numerical formula change; exact before/after preservation","{""X"":0,""Y"":0,""Z"":-100,""A"":0,""C"":0}","[0,0,0,0,0,0,0,0]"
"ideal-Zminus100-GH-lower-restored","YZ","actual support buttons","0","0","1.1102230246251565e-10","0","1.1102230246251565e-10","3.970466940254533e-19","2.541098841762901e-17","Independent full 3D support/profile/axis-to-YZ, production poses not used","{""X"":0,""Y"":0,""Z"":-100,""A"":0,""C"":0}","[0,0,0,0,0,0,0,0]"
"ideal-Zminus100-GH-lower-restored","a","actual support buttons","0","0","0","0","0","null","null","No numerical formula change; exact before/after preservation","{""X"":0,""Y"":0,""Z"":-100,""A"":0,""C"":0}","[0,0,0,0,0,0,0,0]"
"ideal-Zminus100-GH-lower-restored","b","actual support buttons","0","0","0","0","0","null","null","No numerical formula change; exact before/after preservation","{""X"":0,""Y"":0,""Z"":-100,""A"":0,""C"":0}","[0,0,0,0,0,0,0,0]"
"ideal-X-100","XY","actual axis slider","-2.7755575615628914e-11","0","-2.7755575615628914e-11","0","-2.7755575615628914e-11","null","null","No numerical formula change; exact before/after preservation","{""X"":-100,""Y"":0,""Z"":0,""A"":0,""C"":0}","[0,0,0,0,0,0,0,0]"
"ideal-X-100","XZ","actual axis slider","-2.7755575615628914e-11","0","-2.7755575615628914e-11","0","-2.7755575615628914e-11","null","null","No numerical formula change; exact before/after preservation","{""X"":-100,""Y"":0,""Z"":0,""A"":0,""C"":0}","[0,0,0,0,0,0,0,0]"
"ideal-X-100","YZ","actual axis slider","0","0","1.1102230246251565e-10","0","1.1102230246251565e-10","3.970466940254533e-19","2.541098841762901e-17","Independent full 3D support/profile/axis-to-YZ, production poses not used","{""X"":-100,""Y"":0,""Z"":0,""A"":0,""C"":0}","[0,0,0,0,0,0,0,0]"
"ideal-X-100","a","actual axis slider","0","0","0","0","0","null","null","No numerical formula change; exact before/after preservation","{""X"":-100,""Y"":0,""Z"":0,""A"":0,""C"":0}","[0,0,0,0,0,0,0,0]"
"ideal-X-100","b","actual axis slider","0","0","0","0","0","null","null","No numerical formula change; exact before/after preservation","{""X"":-100,""Y"":0,""Z"":0,""A"":0,""C"":0}","[0,0,0,0,0,0,0,0]"
"ideal-X100","XY","actual axis slider","-2.7755575615628914e-11","0","-2.7755575615628914e-11","0","-2.7755575615628914e-11","null","null","No numerical formula change; exact before/after preservation","{""X"":100,""Y"":0,""Z"":0,""A"":0,""C"":0}","[0,0,0,0,0,0,0,0]"
"ideal-X100","XZ","actual axis slider","-2.7755575615628914e-11","0","-2.7755575615628914e-11","0","-2.7755575615628914e-11","null","null","No numerical formula change; exact before/after preservation","{""X"":100,""Y"":0,""Z"":0,""A"":0,""C"":0}","[0,0,0,0,0,0,0,0]"
"ideal-X100","YZ","actual axis slider","0","0","1.1102230246251565e-10","0","1.1102230246251565e-10","3.970466940254533e-19","2.541098841762901e-17","Independent full 3D support/profile/axis-to-YZ, production poses not used","{""X"":100,""Y"":0,""Z"":0,""A"":0,""C"":0}","[0,0,0,0,0,0,0,0]"
"ideal-X100","a","actual axis slider","0","0","0","0","0","null","null","No numerical formula change; exact before/after preservation","{""X"":100,""Y"":0,""Z"":0,""A"":0,""C"":0}","[0,0,0,0,0,0,0,0]"
"ideal-X100","b","actual axis slider","0","0","0","0","0","null","null","No numerical formula change; exact before/after preservation","{""X"":100,""Y"":0,""Z"":0,""A"":0,""C"":0}","[0,0,0,0,0,0,0,0]"
"ideal-Y-100","XY","actual axis slider","0","0","0","0","0","null","null","No numerical formula change; exact before/after preservation","{""X"":0,""Y"":-100,""Z"":0,""A"":0,""C"":0}","[0,0,0,0,0,0,0,0]"
"ideal-Y-100","XZ","actual axis slider","0","0","0","0","0","null","null","No numerical formula change; exact before/after preservation","{""X"":0,""Y"":-100,""Z"":0,""A"":0,""C"":0}","[0,0,0,0,0,0,0,0]"
"ideal-Y-100","YZ","actual axis slider","0","0","1.1102230246251565e-10","0","1.1102230246251565e-10","3.970466940254533e-19","2.541098841762901e-17","Independent full 3D support/profile/axis-to-YZ, production poses not used","{""X"":0,""Y"":-100,""Z"":0,""A"":0,""C"":0}","[0,0,0,0,0,0,0,0]"
"ideal-Y-100","a","actual axis slider","0","0","0","0","0","null","null","No numerical formula change; exact before/after preservation","{""X"":0,""Y"":-100,""Z"":0,""A"":0,""C"":0}","[0,0,0,0,0,0,0,0]"
"ideal-Y-100","b","actual axis slider","0","0","0","0","0","null","null","No numerical formula change; exact before/after preservation","{""X"":0,""Y"":-100,""Z"":0,""A"":0,""C"":0}","[0,0,0,0,0,0,0,0]"
"ideal-Y100","XY","actual axis slider","0","0","0","0","0","null","null","No numerical formula change; exact before/after preservation","{""X"":0,""Y"":100,""Z"":0,""A"":0,""C"":0}","[0,0,0,0,0,0,0,0]"
"ideal-Y100","XZ","actual axis slider","0","0","0","0","0","null","null","No numerical formula change; exact before/after preservation","{""X"":0,""Y"":100,""Z"":0,""A"":0,""C"":0}","[0,0,0,0,0,0,0,0]"
"ideal-Y100","YZ","actual axis slider","0","0","1.1102230246251565e-10","0","1.1102230246251565e-10","3.970466940254533e-19","2.541098841762901e-17","Independent full 3D support/profile/axis-to-YZ, production poses not used","{""X"":0,""Y"":100,""Z"":0,""A"":0,""C"":0}","[0,0,0,0,0,0,0,0]"
"ideal-Y100","a","actual axis slider","0","0","0","0","0","null","null","No numerical formula change; exact before/after preservation","{""X"":0,""Y"":100,""Z"":0,""A"":0,""C"":0}","[0,0,0,0,0,0,0,0]"
"ideal-Y100","b","actual axis slider","0","0","0","0","0","null","null","No numerical formula change; exact before/after preservation","{""X"":0,""Y"":100,""Z"":0,""A"":0,""C"":0}","[0,0,0,0,0,0,0,0]"
"ideal-Z-100","XY","actual axis slider","0","0","0","0","0","null","null","No numerical formula change; exact before/after preservation","{""X"":0,""Y"":0,""Z"":-100,""A"":0,""C"":0}","[0,0,0,0,0,0,0,0]"
"ideal-Z-100","XZ","actual axis slider","0","0","0","0","0","null","null","No numerical formula change; exact before/after preservation","{""X"":0,""Y"":0,""Z"":-100,""A"":0,""C"":0}","[0,0,0,0,0,0,0,0]"
"ideal-Z-100","YZ","actual axis slider","0","0","1.1102230246251565e-10","0","1.1102230246251565e-10","3.970466940254533e-19","2.541098841762901e-17","Independent full 3D support/profile/axis-to-YZ, production poses not used","{""X"":0,""Y"":0,""Z"":-100,""A"":0,""C"":0}","[0,0,0,0,0,0,0,0]"
"ideal-Z-100","a","actual axis slider","0","0","0","0","0","null","null","No numerical formula change; exact before/after preservation","{""X"":0,""Y"":0,""Z"":-100,""A"":0,""C"":0}","[0,0,0,0,0,0,0,0]"
"ideal-Z-100","b","actual axis slider","0","0","0","0","0","null","null","No numerical formula change; exact before/after preservation","{""X"":0,""Y"":0,""Z"":-100,""A"":0,""C"":0}","[0,0,0,0,0,0,0,0]"
"ideal-Z100","XY","actual axis slider","0","0","0","0","0","null","null","No numerical formula change; exact before/after preservation","{""X"":0,""Y"":0,""Z"":100,""A"":0,""C"":0}","[0,0,0,0,0,0,0,0]"
"ideal-Z100","XZ","actual axis slider","0","0","0","0","0","null","null","No numerical formula change; exact before/after preservation","{""X"":0,""Y"":0,""Z"":100,""A"":0,""C"":0}","[0,0,0,0,0,0,0,0]"
"ideal-Z100","YZ","actual axis slider","0","0","8.326672684688674e-11","0","8.326672684688674e-11","3.970466940254533e-19","2.541098841762901e-17","Independent full 3D support/profile/axis-to-YZ, production poses not used","{""X"":0,""Y"":0,""Z"":100,""A"":0,""C"":0}","[0,0,0,0,0,0,0,0]"
"ideal-Z100","a","actual axis slider","0","0","0","0","0","null","null","No numerical formula change; exact before/after preservation","{""X"":0,""Y"":0,""Z"":100,""A"":0,""C"":0}","[0,0,0,0,0,0,0,0]"
"ideal-Z100","b","actual axis slider","0","0","0","0","0","null","null","No numerical formula change; exact before/after preservation","{""X"":0,""Y"":0,""Z"":100,""A"":0,""C"":0}","[0,0,0,0,0,0,0,0]"
"used-central-flat","XY","known ideal/used flat fixture via evaluate","16.958999991522823","+17","16.958999991522823","+17","16.958999991517622","null","null","No numerical formula change; exact before/after preservation","{""X"":0,""Y"":0,""Z"":0,""A"":0,""C"":0}","[0,0,0,0,0,0,0,0]"
"used-central-flat","XZ","known ideal/used flat fixture via evaluate","8.12899999891835","+8","8.12899999891835","+8","8.128999998913145","null","null","No numerical formula change; exact before/after preservation","{""X"":0,""Y"":0,""Z"":0,""A"":0,""C"":0}","[0,0,0,0,0,0,0,0]"
"used-central-flat","YZ","known ideal/used flat fixture via evaluate","14.119999995145655","+14","-14.119999994583605","-14","-14.119999994583605","-14.119999994695274","null","Independent full 3D support/profile/axis-to-YZ, production poses not used","{""X"":0,""Y"":0,""Z"":0,""A"":0,""C"":0}","[0,0,0,0,0,0,0,0]"
"used-central-flat","a","known ideal/used flat fixture via evaluate","8.125810727274697","+8","8.125810727274697","+8","8.125810727274697","null","null","No numerical formula change; exact before/after preservation","{""X"":0,""Y"":0,""Z"":0,""A"":0,""C"":0}","[0,0,0,0,0,0,0,0]"
"used-central-flat","b","known ideal/used flat fixture via evaluate","14.118678122277545","+14","14.118678122277545","+14","14.118678122530815","null","null","No numerical formula change; exact before/after preservation","{""X"":0,""Y"":0,""Z"":0,""A"":0,""C"":0}","[0,0,0,0,0,0,0,0]"
"used-central-B-raise","XY","actual support buttons","16.95899999130078","+17","16.95899999130078","+17","16.958999991295578","null","null","No numerical formula change; exact before/after preservation","{""X"":0,""Y"":0,""Z"":0,""A"":0,""C"":0}","[0,0.01,0,0,0,0,0,0]"
"used-central-B-raise","XZ","actual support buttons","8.597141626770153","+9","8.597141626770153","+9","8.597141626766684","null","null","No numerical formula change; exact before/after preservation","{""X"":0,""Y"":0,""Z"":0,""A"":0,""C"":0}","[0,0.01,0,0,0,0,0,0]"
"used-central-B-raise","YZ","actual support buttons","12.543911944698852","+13","-12.54407170297664","-13","-12.54407170297664","-12.54407170310607","null","Independent full 3D support/profile/axis-to-YZ, production poses not used","{""X"":0,""Y"":0,""Z"":0,""A"":0,""C"":0}","[0,0.01,0,0,0,0,0,0]"
"used-central-B-raise","a","actual support buttons","9.467582870171382","+9","9.467582870171382","+9","9.467582870167913","null","null","No numerical formula change; exact before/after preservation","{""X"":0,""Y"":0,""Z"":0,""A"":0,""C"":0}","[0,0.01,0,0,0,0,0,0]"
"used-central-B-raise","b","actual support buttons","11.56384920578471","+12","11.56384920578471","+12","11.563849206187166","null","null","No numerical formula change; exact before/after preservation","{""X"":0,""Y"":0,""Z"":0,""A"":0,""C"":0}","[0,0.01,0,0,0,0,0,0]"
"used-central-B-raise-restored","XY","actual support buttons","16.958999991522823","+17","16.958999991522823","+17","16.958999991517622","null","null","No numerical formula change; exact before/after preservation","{""X"":0,""Y"":0,""Z"":0,""A"":0,""C"":0}","[0,0,0,0,0,0,0,0]"
"used-central-B-raise-restored","XZ","actual support buttons","8.12899999891835","+8","8.12899999891835","+8","8.128999998913145","null","null","No numerical formula change; exact before/after preservation","{""X"":0,""Y"":0,""Z"":0,""A"":0,""C"":0}","[0,0,0,0,0,0,0,0]"
"used-central-B-raise-restored","YZ","actual support buttons","14.119999995145655","+14","-14.119999994583605","-14","-14.119999994583605","-14.119999994695274","null","Independent full 3D support/profile/axis-to-YZ, production poses not used","{""X"":0,""Y"":0,""Z"":0,""A"":0,""C"":0}","[0,0,0,0,0,0,0,0]"
"used-central-B-raise-restored","a","actual support buttons","8.125810727274697","+8","8.125810727274697","+8","8.125810727274697","null","null","No numerical formula change; exact before/after preservation","{""X"":0,""Y"":0,""Z"":0,""A"":0,""C"":0}","[0,0,0,0,0,0,0,0]"
"used-central-B-raise-restored","b","actual support buttons","14.118678122277545","+14","14.118678122277545","+14","14.118678122530815","null","null","No numerical formula change; exact before/after preservation","{""X"":0,""Y"":0,""Z"":0,""A"":0,""C"":0}","[0,0,0,0,0,0,0,0]"
"used-central-B-lower","XY","actual support buttons","16.958999991744868","+17","16.958999991744868","+17","16.958999991739667","null","null","No numerical formula change; exact before/after preservation","{""X"":0,""Y"":0,""Z"":0,""A"":0,""C"":0}","[0,-0.01,0,0,0,0,0,0]"
"used-central-B-lower","XZ","actual support buttons","7.660860507716777","+8","7.660860507716777","+8","7.660860507713307","null","null","No numerical formula change; exact before/after preservation","{""X"":0,""Y"":0,""Z"":0,""A"":0,""C"":0}","[0,-0.01,0,0,0,0,0,0]"
"used-central-B-lower","YZ","actual support buttons","15.6961272450417","+16","-15.695936643923478","-16","-15.695936643923478","-15.695936644053463","null","Independent full 3D support/profile/axis-to-YZ, production poses not used","{""X"":0,""Y"":0,""Z"":0,""A"":0,""C"":0}","[0,-0.01,0,0,0,0,0,0]"
"used-central-B-lower","a","actual support buttons","6.783780290717245","+7","6.783780290717245","+7","6.783780290713776","null","null","No numerical formula change; exact before/after preservation","{""X"":0,""Y"":0,""Z"":0,""A"":0,""C"":0}","[0,-0.01,0,0,0,0,0,0]"
"used-central-B-lower","b","actual support buttons","16.67340512916983","+17","16.67340512916983","+17","16.67340512952545","null","null","No numerical formula change; exact before/after preservation","{""X"":0,""Y"":0,""Z"":0,""A"":0,""C"":0}","[0,-0.01,0,0,0,0,0,0]"
"used-central-B-lower-restored","XY","actual support buttons","16.958999991522823","+17","16.958999991522823","+17","16.958999991517622","null","null","No numerical formula change; exact before/after preservation","{""X"":0,""Y"":0,""Z"":0,""A"":0,""C"":0}","[0,0,0,0,0,0,0,0]"
"used-central-B-lower-restored","XZ","actual support buttons","8.12899999891835","+8","8.12899999891835","+8","8.128999998913145","null","null","No numerical formula change; exact before/after preservation","{""X"":0,""Y"":0,""Z"":0,""A"":0,""C"":0}","[0,0,0,0,0,0,0,0]"
"used-central-B-lower-restored","YZ","actual support buttons","14.119999995145655","+14","-14.119999994583605","-14","-14.119999994583605","-14.119999994695274","null","Independent full 3D support/profile/axis-to-YZ, production poses not used","{""X"":0,""Y"":0,""Z"":0,""A"":0,""C"":0}","[0,0,0,0,0,0,0,0]"
"used-central-B-lower-restored","a","actual support buttons","8.125810727274697","+8","8.125810727274697","+8","8.125810727274697","null","null","No numerical formula change; exact before/after preservation","{""X"":0,""Y"":0,""Z"":0,""A"":0,""C"":0}","[0,0,0,0,0,0,0,0]"
"used-central-B-lower-restored","b","actual support buttons","14.118678122277545","+14","14.118678122277545","+14","14.118678122530815","null","null","No numerical formula change; exact before/after preservation","{""X"":0,""Y"":0,""Z"":0,""A"":0,""C"":0}","[0,0,0,0,0,0,0,0]"
"used-central-E-raise","XY","actual support buttons","18.922717506572596","+19","18.922717506572596","+19","18.92271750657433","null","null","No numerical formula change; exact before/after preservation","{""X"":0,""Y"":0,""Z"":0,""A"":0,""C"":0}","[0,0,0,0,0.01,0,0,0]"
"used-central-E-raise","XZ","actual support buttons","7.660753289978617","+8","7.660753289978617","+8","7.660753289980351","null","null","No numerical formula change; exact before/after preservation","{""X"":0,""Y"":0,""Z"":0,""A"":0,""C"":0}","[0,0,0,0,0.01,0,0,0]"
"used-central-E-raise","YZ","actual support buttons","14.989567756289873","+15","-14.98975877332713","-15","-14.989758773332335","-14.98975877338825","null","Independent full 3D support/profile/axis-to-YZ, production poses not used","{""X"":0,""Y"":0,""Z"":0,""A"":0,""C"":0}","[0,0,0,0,0.01,0,0,0]"
"used-central-E-raise","a","actual support buttons","8.484604381438569","+8","8.484604381438569","+8","8.484604381443772","null","null","No numerical formula change; exact before/after preservation","{""X"":0,""Y"":0,""Z"":0,""A"":0,""C"":0}","[0,0,0,0,0.01,0,0,0]"
"used-central-E-raise","b","actual support buttons","14.009860105749366","+14","14.009860105749366","+14","14.009860105895083","null","null","No numerical formula change; exact before/after preservation","{""X"":0,""Y"":0,""Z"":0,""A"":0,""C"":0}","[0,0,0,0,0.01,0,0,0]"
"used-central-E-raise-restored","XY","actual support buttons","16.958999991522823","+17","16.958999991522823","+17","16.958999991517622","null","null","No numerical formula change; exact before/after preservation","{""X"":0,""Y"":0,""Z"":0,""A"":0,""C"":0}","[0,0,0,0,0,0,0,0]"
"used-central-E-raise-restored","XZ","actual support buttons","8.12899999891835","+8","8.12899999891835","+8","8.128999998913145","null","null","No numerical formula change; exact before/after preservation","{""X"":0,""Y"":0,""Z"":0,""A"":0,""C"":0}","[0,0,0,0,0,0,0,0]"
"used-central-E-raise-restored","YZ","actual support buttons","14.119999995145655","+14","-14.119999994583605","-14","-14.119999994583605","-14.119999994695274","null","Independent full 3D support/profile/axis-to-YZ, production poses not used","{""X"":0,""Y"":0,""Z"":0,""A"":0,""C"":0}","[0,0,0,0,0,0,0,0]"
"used-central-E-raise-restored","a","actual support buttons","8.125810727274697","+8","8.125810727274697","+8","8.125810727274697","null","null","No numerical formula change; exact before/after preservation","{""X"":0,""Y"":0,""Z"":0,""A"":0,""C"":0}","[0,0,0,0,0,0,0,0]"
"used-central-E-raise-restored","b","actual support buttons","14.118678122277545","+14","14.118678122277545","+14","14.118678122530815","null","null","No numerical formula change; exact before/after preservation","{""X"":0,""Y"":0,""Z"":0,""A"":0,""C"":0}","[0,0,0,0,0,0,0,0]"
"used-central-E-lower","XY","actual support buttons","14.995287846335595","+15","14.995287846335595","+15","14.99528784633386","null","null","No numerical formula change; exact before/after preservation","{""X"":0,""Y"":0,""Z"":0,""A"":0,""C"":0}","[0,0,0,0,-0.01,0,0,0]"
"used-central-E-lower","XZ","actual support buttons","8.597268581760076","+9","8.597268581760076","+9","8.597268581760076","null","null","No numerical formula change; exact before/after preservation","{""X"":0,""Y"":0,""Z"":0,""A"":0,""C"":0}","[0,0,0,0,-0.01,0,0,0]"
"used-central-E-lower","YZ","actual support buttons","13.25042683397032","+13","-13.250248694945954","-13","-13.250248694951159","-13.250248695127492","null","Independent full 3D support/profile/axis-to-YZ, production poses not used","{""X"":0,""Y"":0,""Z"":0,""A"":0,""C"":0}","[0,0,0,0,-0.01,0,0,0]"
"used-central-E-lower","a","actual support buttons","7.76702554001335","+8","7.76702554001335","+8","7.767025539999473","null","null","No numerical formula change; exact before/after preservation","{""X"":0,""Y"":0,""Z"":0,""A"":0,""C"":0}","[0,0,0,0,-0.01,0,0,0]"
"used-central-E-lower","b","actual support buttons","14.22746007009347","+14","14.22746007009347","+14","14.227460070015407","null","null","No numerical formula change; exact before/after preservation","{""X"":0,""Y"":0,""Z"":0,""A"":0,""C"":0}","[0,0,0,0,-0.01,0,0,0]"
"used-central-E-lower-restored","XY","actual support buttons","16.958999991522823","+17","16.958999991522823","+17","16.958999991517622","null","null","No numerical formula change; exact before/after preservation","{""X"":0,""Y"":0,""Z"":0,""A"":0,""C"":0}","[0,0,0,0,0,0,0,0]"
"used-central-E-lower-restored","XZ","actual support buttons","8.12899999891835","+8","8.12899999891835","+8","8.128999998913145","null","null","No numerical formula change; exact before/after preservation","{""X"":0,""Y"":0,""Z"":0,""A"":0,""C"":0}","[0,0,0,0,0,0,0,0]"
"used-central-E-lower-restored","YZ","actual support buttons","14.119999995145655","+14","-14.119999994583605","-14","-14.119999994583605","-14.119999994695274","null","Independent full 3D support/profile/axis-to-YZ, production poses not used","{""X"":0,""Y"":0,""Z"":0,""A"":0,""C"":0}","[0,0,0,0,0,0,0,0]"
"used-central-E-lower-restored","a","actual support buttons","8.125810727274697","+8","8.125810727274697","+8","8.125810727274697","null","null","No numerical formula change; exact before/after preservation","{""X"":0,""Y"":0,""Z"":0,""A"":0,""C"":0}","[0,0,0,0,0,0,0,0]"
"used-central-E-lower-restored","b","actual support buttons","14.118678122277545","+14","14.118678122277545","+14","14.118678122530815","null","null","No numerical formula change; exact before/after preservation","{""X"":0,""Y"":0,""Z"":0,""A"":0,""C"":0}","[0,0,0,0,0,0,0,0]"
"used-central-G-raise","XY","actual support buttons","14.995287845315577","+15","14.995287845315577","+15","14.995287845312108","null","null","No numerical formula change; exact before/after preservation","{""X"":0,""Y"":0,""Z"":0,""A"":0,""C"":0}","[0,0,0,0,0,0,0.01,0]"
"used-central-G-raise","XZ","actual support buttons","8.722483803815656","+9","8.722483803815656","+9","8.722483803815656","null","null","No numerical formula change; exact before/after preservation","{""X"":0,""Y"":0,""Z"":0,""A"":0,""C"":0}","[0,0,0,0,0,0,0.01,0]"
"used-central-G-raise","YZ","actual support buttons","12.897191471614168","+13","-12.897191471485797","-13","-12.897191471491002","-12.897191471304938","null","Independent full 3D support/profile/axis-to-YZ, production poses not used","{""X"":0,""Y"":0,""Z"":0,""A"":0,""C"":0}","[0,0,0,0,0,0,0.01,0]"
"used-central-G-raise","a","actual support buttons","8.126372295066965","+8","8.126372295066965","+8","8.126372295060024","null","null","No numerical formula change; exact before/after preservation","{""X"":0,""Y"":0,""Z"":0,""A"":0,""C"":0}","[0,0,0,0,0,0,0.01,0]"
"used-central-G-raise","b","actual support buttons","12.895869631365798","+13","12.895869631365798","+13","12.89586963133804","null","null","No numerical formula change; exact before/after preservation","{""X"":0,""Y"":0,""Z"":0,""A"":0,""C"":0}","[0,0,0,0,0,0,0.01,0]"
"used-central-G-raise-restored","XY","actual support buttons","16.958999991522823","+17","16.958999991522823","+17","16.958999991517622","null","null","No numerical formula change; exact before/after preservation","{""X"":0,""Y"":0,""Z"":0,""A"":0,""C"":0}","[0,0,0,0,0,0,0,0]"
"used-central-G-raise-restored","XZ","actual support buttons","8.12899999891835","+8","8.12899999891835","+8","8.128999998913145","null","null","No numerical formula change; exact before/after preservation","{""X"":0,""Y"":0,""Z"":0,""A"":0,""C"":0}","[0,0,0,0,0,0,0,0]"
"used-central-G-raise-restored","YZ","actual support buttons","14.119999995145655","+14","-14.119999994583605","-14","-14.119999994583605","-14.119999994695274","null","Independent full 3D support/profile/axis-to-YZ, production poses not used","{""X"":0,""Y"":0,""Z"":0,""A"":0,""C"":0}","[0,0,0,0,0,0,0,0]"
"used-central-G-raise-restored","a","actual support buttons","8.125810727274697","+8","8.125810727274697","+8","8.125810727274697","null","null","No numerical formula change; exact before/after preservation","{""X"":0,""Y"":0,""Z"":0,""A"":0,""C"":0}","[0,0,0,0,0,0,0,0]"
"used-central-G-raise-restored","b","actual support buttons","14.118678122277545","+14","14.118678122277545","+14","14.118678122530815","null","null","No numerical formula change; exact before/after preservation","{""X"":0,""Y"":0,""Z"":0,""A"":0,""C"":0}","[0,0,0,0,0,0,0,0]"
"used-central-G-lower","XY","actual support buttons","18.922717506583002","+19","18.922717506583002","+19","18.922717506583002","null","null","No numerical formula change; exact before/after preservation","{""X"":0,""Y"":0,""Z"":0,""A"":0,""C"":0}","[0,0,0,0,0,0,-0.01,0]"
"used-central-G-lower","XZ","actual support buttons","7.535512875236558","+8","7.535512875236558","+8","7.535512875234823","null","null","No numerical formula change; exact before/after preservation","{""X"":0,""Y"":0,""Z"":0,""A"":0,""C"":0}","[0,0,0,0,0,0,-0.01,0]"
"used-central-G-lower","YZ","actual support buttons","15.342808518146317","+15","-15.342808518016213","-15","-15.342808518021418","-15.342808518156657","null","Independent full 3D support/profile/axis-to-YZ, production poses not used","{""X"":0,""Y"":0,""Z"":0,""A"":0,""C"":0}","[0,0,0,0,0,0,-0.01,0]"
"used-central-G-lower","a","actual support buttons","8.125190259385823","+8","8.125190259385823","+8","8.125190259378885","null","null","No numerical formula change; exact before/after preservation","{""X"":0,""Y"":0,""Z"":0,""A"":0,""C"":0}","[0,0,0,0,0,0,-0.01,0]"
"used-central-G-lower","b","actual support buttons","15.341486612974187","+15","15.341486612974187","+15","15.341486612991535","null","null","No numerical formula change; exact before/after preservation","{""X"":0,""Y"":0,""Z"":0,""A"":0,""C"":0}","[0,0,0,0,0,0,-0.01,0]"
"used-central-G-lower-restored","XY","actual support buttons","16.958999991522823","+17","16.958999991522823","+17","16.958999991517622","null","null","No numerical formula change; exact before/after preservation","{""X"":0,""Y"":0,""Z"":0,""A"":0,""C"":0}","[0,0,0,0,0,0,0,0]"
"used-central-G-lower-restored","XZ","actual support buttons","8.12899999891835","+8","8.12899999891835","+8","8.128999998913145","null","null","No numerical formula change; exact before/after preservation","{""X"":0,""Y"":0,""Z"":0,""A"":0,""C"":0}","[0,0,0,0,0,0,0,0]"
"used-central-G-lower-restored","YZ","actual support buttons","14.119999995145655","+14","-14.119999994583605","-14","-14.119999994583605","-14.119999994695274","null","Independent full 3D support/profile/axis-to-YZ, production poses not used","{""X"":0,""Y"":0,""Z"":0,""A"":0,""C"":0}","[0,0,0,0,0,0,0,0]"
"used-central-G-lower-restored","a","actual support buttons","8.125810727274697","+8","8.125810727274697","+8","8.125810727274697","null","null","No numerical formula change; exact before/after preservation","{""X"":0,""Y"":0,""Z"":0,""A"":0,""C"":0}","[0,0,0,0,0,0,0,0]"
"used-central-G-lower-restored","b","actual support buttons","14.118678122277545","+14","14.118678122277545","+14","14.118678122530815","null","null","No numerical formula change; exact before/after preservation","{""X"":0,""Y"":0,""Z"":0,""A"":0,""C"":0}","[0,0,0,0,0,0,0,0]"
"used-central-H-raise","XY","actual support buttons","18.92271266886597","+19","18.92271266886597","+19","18.92271266886597","null","null","No numerical formula change; exact before/after preservation","{""X"":0,""Y"":0,""Z"":0,""A"":0,""C"":0}","[0,0,0,0,0,0,0,0.01]"
"used-central-H-raise","XZ","actual support buttons","7.535517247988718","+8","7.535517247988718","+8","7.535517247988718","null","null","No numerical formula change; exact before/after preservation","{""X"":0,""Y"":0,""Z"":0,""A"":0,""C"":0}","[0,0,0,0,0,0,0,0.01]"
"used-central-H-raise","YZ","actual support buttons","12.897156352081884","+13","-12.897156351953514","-13","-12.897156351958719","-12.89715635182367","null","Independent full 3D support/profile/axis-to-YZ, production poses not used","{""X"":0,""Y"":0,""Z"":0,""A"":0,""C"":0}","[0,0,0,0,0,0,0,0.01]"
"used-central-H-raise","a","actual support buttons","8.126432399144928","+8","8.126432399144928","+8","8.12643239913452","null","null","No numerical formula change; exact before/after preservation","{""X"":0,""Y"":0,""Z"":0,""A"":0,""C"":0}","[0,0,0,0,0,0,0,0.01]"
"used-central-H-raise","b","actual support buttons","12.89583449190848","+13","12.89583449190848","+13","12.895834491936236","null","null","No numerical formula change; exact before/after preservation","{""X"":0,""Y"":0,""Z"":0,""A"":0,""C"":0}","[0,0,0,0,0,0,0,0.01]"
"used-central-H-raise-restored","XY","actual support buttons","16.958999991522823","+17","16.958999991522823","+17","16.958999991517622","null","null","No numerical formula change; exact before/after preservation","{""X"":0,""Y"":0,""Z"":0,""A"":0,""C"":0}","[0,0,0,0,0,0,0,0]"
"used-central-H-raise-restored","XZ","actual support buttons","8.12899999891835","+8","8.12899999891835","+8","8.128999998913145","null","null","No numerical formula change; exact before/after preservation","{""X"":0,""Y"":0,""Z"":0,""A"":0,""C"":0}","[0,0,0,0,0,0,0,0]"
"used-central-H-raise-restored","YZ","actual support buttons","14.119999995145655","+14","-14.119999994583605","-14","-14.119999994583605","-14.119999994695274","null","Independent full 3D support/profile/axis-to-YZ, production poses not used","{""X"":0,""Y"":0,""Z"":0,""A"":0,""C"":0}","[0,0,0,0,0,0,0,0]"
"used-central-H-raise-restored","a","actual support buttons","8.125810727274697","+8","8.125810727274697","+8","8.125810727274697","null","null","No numerical formula change; exact before/after preservation","{""X"":0,""Y"":0,""Z"":0,""A"":0,""C"":0}","[0,0,0,0,0,0,0,0]"
"used-central-H-raise-restored","b","actual support buttons","14.118678122277545","+14","14.118678122277545","+14","14.118678122530815","null","null","No numerical formula change; exact before/after preservation","{""X"":0,""Y"":0,""Z"":0,""A"":0,""C"":0}","[0,0,0,0,0,0,0,0]"
"used-central-H-lower","XY","actual support buttons","14.99528300783967","+15","14.99528300783967","+15","14.995283007836202","null","null","No numerical formula change; exact before/after preservation","{""X"":0,""Y"":0,""Z"":0,""A"":0,""C"":0}","[0,0,0,0,0,0,0,-0.01]"
"used-central-H-lower","XZ","actual support buttons","8.722488175650147","+9","8.722488175650147","+9","8.722488175650147","null","null","No numerical formula change; exact before/after preservation","{""X"":0,""Y"":0,""Z"":0,""A"":0,""C"":0}","[0,0,0,0,0,0,0,-0.01]"
"used-central-H-lower","YZ","actual support buttons","15.342843637900645","+15","-15.34284363755023","-15","-15.342843637555434","-15.342843637740852","null","Independent full 3D support/profile/axis-to-YZ, production poses not used","{""X"":0,""Y"":0,""Z"":0,""A"":0,""C"":0}","[0,0,0,0,0,0,0,-0.01]"
"used-central-H-lower","a","actual support buttons","8.12512833113163","+8","8.12512833113163","+8","8.125128331121223","null","null","No numerical formula change; exact before/after preservation","{""X"":0,""Y"":0,""Z"":0,""A"":0,""C"":0}","[0,0,0,0,0,0,0,-0.01]"
"used-central-H-lower","b","actual support buttons","15.34152175314274","+15","15.34152175314274","+15","15.341521753128863","null","null","No numerical formula change; exact before/after preservation","{""X"":0,""Y"":0,""Z"":0,""A"":0,""C"":0}","[0,0,0,0,0,0,0,-0.01]"
"used-central-H-lower-restored","XY","actual support buttons","16.958999991522823","+17","16.958999991522823","+17","16.958999991517622","null","null","No numerical formula change; exact before/after preservation","{""X"":0,""Y"":0,""Z"":0,""A"":0,""C"":0}","[0,0,0,0,0,0,0,0]"
"used-central-H-lower-restored","XZ","actual support buttons","8.12899999891835","+8","8.12899999891835","+8","8.128999998913145","null","null","No numerical formula change; exact before/after preservation","{""X"":0,""Y"":0,""Z"":0,""A"":0,""C"":0}","[0,0,0,0,0,0,0,0]"
"used-central-H-lower-restored","YZ","actual support buttons","14.119999995145655","+14","-14.119999994583605","-14","-14.119999994583605","-14.119999994695274","null","Independent full 3D support/profile/axis-to-YZ, production poses not used","{""X"":0,""Y"":0,""Z"":0,""A"":0,""C"":0}","[0,0,0,0,0,0,0,0]"
"used-central-H-lower-restored","a","actual support buttons","8.125810727274697","+8","8.125810727274697","+8","8.125810727274697","null","null","No numerical formula change; exact before/after preservation","{""X"":0,""Y"":0,""Z"":0,""A"":0,""C"":0}","[0,0,0,0,0,0,0,0]"
"used-central-H-lower-restored","b","actual support buttons","14.118678122277545","+14","14.118678122277545","+14","14.118678122530815","null","null","No numerical formula change; exact before/after preservation","{""X"":0,""Y"":0,""Z"":0,""A"":0,""C"":0}","[0,0,0,0,0,0,0,0]"
"used-Zminus100-flat","XY","actual Z slider","16.95899999130078","+17","16.95899999130078","+17","16.958999991295578","null","null","No numerical formula change; exact before/after preservation","{""X"":0,""Y"":0,""Z"":-100,""A"":0,""C"":0}","[0,0,0,0,0,0,0,0]"
"used-Zminus100-flat","XZ","actual Z slider","8.12899999891835","+8","8.12899999891835","+8","8.128999998913145","null","null","No numerical formula change; exact before/after preservation","{""X"":0,""Y"":0,""Z"":-100,""A"":0,""C"":0}","[0,0,0,0,0,0,0,0]"
"used-Zminus100-flat","YZ","actual Z slider","14.119999995369433","+14","-14.11999999480565","-14","-14.11999999480565","-14.119999994695256","null","Independent full 3D support/profile/axis-to-YZ, production poses not used","{""X"":0,""Y"":0,""Z"":-100,""A"":0,""C"":0}","[0,0,0,0,0,0,0,0]"
"used-Zminus100-flat","a","actual Z slider","8.125810727274697","+8","8.125810727274697","+8","8.125810727274697","null","null","No numerical formula change; exact before/after preservation","{""X"":0,""Y"":0,""Z"":-100,""A"":0,""C"":0}","[0,0,0,0,0,0,0,0]"
"used-Zminus100-flat","b","actual Z slider","14.118678122714694","+14","14.118678122714694","+14","14.118678122974904","null","null","No numerical formula change; exact before/after preservation","{""X"":0,""Y"":0,""Z"":-100,""A"":0,""C"":0}","[0,0,0,0,0,0,0,0]"
"used-Zminus100-G-raise","XY","actual support buttons","14.59067627331348","+15","14.59067627331348","+15","14.590676273311745","null","null","No numerical formula change; exact before/after preservation","{""X"":0,""Y"":0,""Z"":-100,""A"":0,""C"":0}","[0,0,0,0,0,0,0.01,0]"
"used-Zminus100-G-raise","XZ","actual support buttons","8.722483985408244","+9","8.722483985408244","+9","8.722483985406509","null","null","No numerical formula change; exact before/after preservation","{""X"":0,""Y"":0,""Z"":-100,""A"":0,""C"":0}","[0,0,0,0,0,0,0.01,0]"
"used-Zminus100-G-raise","YZ","actual support buttons","12.897191471503145","+13","-12.89719147159682","-13","-12.897191471602024","-12.897191471304911","null","Independent full 3D support/profile/axis-to-YZ, production poses not used","{""X"":0,""Y"":0,""Z"":-100,""A"":0,""C"":0}","[0,0,0,0,0,0,0.01,0]"
"used-Zminus100-G-raise","a","actual support buttons","8.126372295066965","+8","8.126372295066965","+8","8.126372295060024","null","null","No numerical formula change; exact before/after preservation","{""X"":0,""Y"":0,""Z"":-100,""A"":0,""C"":0}","[0,0,0,0,0,0,0.01,0]"
"used-Zminus100-G-raise","b","actual support buttons","12.895869631365798","+13","12.895869631365798","+13","12.89586963133804","null","null","No numerical formula change; exact before/after preservation","{""X"":0,""Y"":0,""Z"":-100,""A"":0,""C"":0}","[0,0,0,0,0,0,0.01,0]"
"used-Zminus100-GH-raise","XY","actual support buttons","16.95899999130078","+17","16.95899999130078","+17","16.958999991295578","null","null","No numerical formula change; exact before/after preservation","{""X"":0,""Y"":0,""Z"":-100,""A"":0,""C"":0}","[0,0,0,0,0,0,0.01,0.01]"
"used-Zminus100-GH-raise","XZ","actual support buttons","8.128999998890594","+8","8.128999998890594","+8","8.128999998885389","null","null","No numerical formula change; exact before/after preservation","{""X"":0,""Y"":0,""Z"":-100,""A"":0,""C"":0}","[0,0,0,0,0,0,0.01,0.01]"
"used-Zminus100-GH-raise","YZ","actual support buttons","11.674347828382128","+12","-11.674347828009163","-12","-11.674347828010898","-11.674347828054591","null","Independent full 3D support/profile/axis-to-YZ, production poses not used","{""X"":0,""Y"":0,""Z"":-100,""A"":0,""C"":0}","[0,0,0,0,0,0,0.01,0.01]"
"used-Zminus100-GH-raise","a","actual support buttons","8.126934154781967","+8","8.126934154781967","+8","8.126934154778498","null","null","No numerical formula change; exact before/after preservation","{""X"":0,""Y"":0,""Z"":-100,""A"":0,""C"":0}","[0,0,0,0,0,0,0.01,0.01]"
"used-Zminus100-GH-raise","b","actual support buttons","11.673026000847548","+12","11.673026000847548","+12","11.673026000857956","null","null","No numerical formula change; exact before/after preservation","{""X"":0,""Y"":0,""Z"":-100,""A"":0,""C"":0}","[0,0,0,0,0,0,0.01,0.01]"
"used-Zminus100-GH-raise-restored","XY","actual support buttons","16.95899999130078","+17","16.95899999130078","+17","16.958999991295578","null","null","No numerical formula change; exact before/after preservation","{""X"":0,""Y"":0,""Z"":-100,""A"":0,""C"":0}","[0,0,0,0,0,0,0,0]"
"used-Zminus100-GH-raise-restored","XZ","actual support buttons","8.12899999891835","+8","8.12899999891835","+8","8.128999998913145","null","null","No numerical formula change; exact before/after preservation","{""X"":0,""Y"":0,""Z"":-100,""A"":0,""C"":0}","[0,0,0,0,0,0,0,0]"
"used-Zminus100-GH-raise-restored","YZ","actual support buttons","14.119999995369433","+14","-14.11999999480565","-14","-14.11999999480565","-14.119999994695256","null","Independent full 3D support/profile/axis-to-YZ, production poses not used","{""X"":0,""Y"":0,""Z"":-100,""A"":0,""C"":0}","[0,0,0,0,0,0,0,0]"
"used-Zminus100-GH-raise-restored","a","actual support buttons","8.125810727274697","+8","8.125810727274697","+8","8.125810727274697","null","null","No numerical formula change; exact before/after preservation","{""X"":0,""Y"":0,""Z"":-100,""A"":0,""C"":0}","[0,0,0,0,0,0,0,0]"
"used-Zminus100-GH-raise-restored","b","actual support buttons","14.118678122714694","+14","14.118678122714694","+14","14.118678122974904","null","null","No numerical formula change; exact before/after preservation","{""X"":0,""Y"":0,""Z"":-100,""A"":0,""C"":0}","[0,0,0,0,0,0,0,0]"
"used-Zminus100-G-lower","XY","actual support buttons","19.327329077958865","+19","19.327329077958865","+19","19.32732907795713","null","null","No numerical formula change; exact before/after preservation","{""X"":0,""Y"":0,""Z"":-100,""A"":0,""C"":0}","[0,0,0,0,0,0,-0.01,0]"
"used-Zminus100-G-lower","XZ","actual support buttons","7.535513057059864","+8","7.535513057059864","+8","7.535513057059864","null","null","No numerical formula change; exact before/after preservation","{""X"":0,""Y"":0,""Z"":-100,""A"":0,""C"":0}","[0,0,0,0,0,0,-0.01,0]"
"used-Zminus100-G-lower","YZ","actual support buttons","15.342808518035294","+15","-15.342808518127235","-15","-15.34280851813244","-15.342808518156634","null","Independent full 3D support/profile/axis-to-YZ, production poses not used","{""X"":0,""Y"":0,""Z"":-100,""A"":0,""C"":0}","[0,0,0,0,0,0,-0.01,0]"
"used-Zminus100-G-lower","a","actual support buttons","8.125190259378885","+8","8.125190259378885","+8","8.125190259371944","null","null","No numerical formula change; exact before/after preservation","{""X"":0,""Y"":0,""Z"":-100,""A"":0,""C"":0}","[0,0,0,0,0,0,-0.01,0]"
"used-Zminus100-G-lower","b","actual support buttons","15.341486612974187","+15","15.341486612974187","+15","15.341486612991535","null","null","No numerical formula change; exact before/after preservation","{""X"":0,""Y"":0,""Z"":-100,""A"":0,""C"":0}","[0,0,0,0,0,0,-0.01,0]"
"used-Zminus100-GH-lower","XY","actual support buttons","16.95899999130078","+17","16.95899999130078","+17","16.958999991295578","null","null","No numerical formula change; exact before/after preservation","{""X"":0,""Y"":0,""Z"":-100,""A"":0,""C"":0}","[0,0,0,0,0,0,-0.01,-0.01]"
"used-Zminus100-GH-lower","XZ","actual support buttons","8.12899999891835","+8","8.12899999891835","+8","8.128999998913145","null","null","No numerical formula change; exact before/after preservation","{""X"":0,""Y"":0,""Z"":-100,""A"":0,""C"":0}","[0,0,0,0,0,0,-0.01,-0.01]"
"used-Zminus100-GH-lower","YZ","actual support buttons","16.56565216140958","+17","-16.565652161022737","-17","-16.565652161022737","-16.56565216075718","null","Independent full 3D support/profile/axis-to-YZ, production poses not used","{""X"":0,""Y"":0,""Z"":-100,""A"":0,""C"":0}","[0,0,0,0,0,0,-0.01,-0.01]"
"used-Zminus100-GH-lower","a","actual support buttons","8.124448051073651","+8","8.124448051073651","+8","8.124448051070182","null","null","No numerical formula change; exact before/after preservation","{""X"":0,""Y"":0,""Z"":-100,""A"":0,""C"":0}","[0,0,0,0,0,0,-0.01,-0.01]"
"used-Zminus100-GH-lower","b","actual support buttons","16.56433024364509","+17","16.56433024364509","+17","16.564330243367536","null","null","No numerical formula change; exact before/after preservation","{""X"":0,""Y"":0,""Z"":-100,""A"":0,""C"":0}","[0,0,0,0,0,0,-0.01,-0.01]"
"used-Zminus100-GH-lower-restored","XY","actual support buttons","16.95899999130078","+17","16.95899999130078","+17","16.958999991295578","null","null","No numerical formula change; exact before/after preservation","{""X"":0,""Y"":0,""Z"":-100,""A"":0,""C"":0}","[0,0,0,0,0,0,0,0]"
"used-Zminus100-GH-lower-restored","XZ","actual support buttons","8.12899999891835","+8","8.12899999891835","+8","8.128999998913145","null","null","No numerical formula change; exact before/after preservation","{""X"":0,""Y"":0,""Z"":-100,""A"":0,""C"":0}","[0,0,0,0,0,0,0,0]"
"used-Zminus100-GH-lower-restored","YZ","actual support buttons","14.119999995369433","+14","-14.11999999480565","-14","-14.11999999480565","-14.119999994695256","null","Independent full 3D support/profile/axis-to-YZ, production poses not used","{""X"":0,""Y"":0,""Z"":-100,""A"":0,""C"":0}","[0,0,0,0,0,0,0,0]"
"used-Zminus100-GH-lower-restored","a","actual support buttons","8.125810727274697","+8","8.125810727274697","+8","8.125810727274697","null","null","No numerical formula change; exact before/after preservation","{""X"":0,""Y"":0,""Z"":-100,""A"":0,""C"":0}","[0,0,0,0,0,0,0,0]"
"used-Zminus100-GH-lower-restored","b","actual support buttons","14.118678122714694","+14","14.118678122714694","+14","14.118678122974904","null","null","No numerical formula change; exact before/after preservation","{""X"":0,""Y"":0,""Z"":-100,""A"":0,""C"":0}","[0,0,0,0,0,0,0,0]"
"used-X-100","XY","actual axis slider","16.958999991328536","+17","16.958999991328536","+17","16.95899999132333","null","null","No numerical formula change; exact before/after preservation","{""X"":-100,""Y"":0,""Z"":0,""A"":0,""C"":0}","[0,0,0,0,0,0,0,0]"
"used-X-100","XZ","actual axis slider","8.128999998640793","+8","8.128999998640793","+8","8.128999998635589","null","null","No numerical formula change; exact before/after preservation","{""X"":-100,""Y"":0,""Z"":0,""A"":0,""C"":0}","[0,0,0,0,0,0,0,0]"
"used-X-100","YZ","actual axis slider","14.119999995145655","+14","-14.119999994583605","-14","-14.119999994583605","-14.119999994695274","null","Independent full 3D support/profile/axis-to-YZ, production poses not used","{""X"":-100,""Y"":0,""Z"":0,""A"":0,""C"":0}","[0,0,0,0,0,0,0,0]"
"used-X-100","a","actual axis slider","8.125810727298981","+8","8.125810727298981","+8","8.125810727281635","null","null","No numerical formula change; exact before/after preservation","{""X"":-100,""Y"":0,""Z"":0,""A"":0,""C"":0}","[0,0,0,0,0,0,0,0]"
"used-X-100","b","actual axis slider","14.118678122277545","+14","14.118678122277545","+14","14.118678122530815","null","null","No numerical formula change; exact before/after preservation","{""X"":-100,""Y"":0,""Z"":0,""A"":0,""C"":0}","[0,0,0,0,0,0,0,0]"
"used-X100","XY","actual axis slider","16.958999991883648","+17","16.958999991883648","+17","16.958999991878443","null","null","No numerical formula change; exact before/after preservation","{""X"":100,""Y"":0,""Z"":0,""A"":0,""C"":0}","[0,0,0,0,0,0,0,0]"
"used-X100","XZ","actual axis slider","8.128999999140394","+8","8.128999999140394","+8","8.12899999913519","null","null","No numerical formula change; exact before/after preservation","{""X"":100,""Y"":0,""Z"":0,""A"":0,""C"":0}","[0,0,0,0,0,0,0,0]"
"used-X100","YZ","actual axis slider","14.119999995145655","+14","-14.119999994583605","-14","-14.119999994583605","-14.119999994695274","null","Independent full 3D support/profile/axis-to-YZ, production poses not used","{""X"":100,""Y"":0,""Z"":0,""A"":0,""C"":0}","[0,0,0,0,0,0,0,0]"
"used-X100","a","actual axis slider","8.125810727298981","+8","8.125810727298981","+8","8.125810727281635","null","null","No numerical formula change; exact before/after preservation","{""X"":100,""Y"":0,""Z"":0,""A"":0,""C"":0}","[0,0,0,0,0,0,0,0]"
"used-X100","b","actual axis slider","14.118678122277545","+14","14.118678122277545","+14","14.118678122530815","null","null","No numerical formula change; exact before/after preservation","{""X"":100,""Y"":0,""Z"":0,""A"":0,""C"":0}","[0,0,0,0,0,0,0,0]"
"used-Y-100","XY","actual axis slider","16.958999991328536","+17","16.958999991328536","+17","16.95899999132333","null","null","No numerical formula change; exact before/after preservation","{""X"":0,""Y"":-100,""Z"":0,""A"":0,""C"":0}","[0,0,0,0,0,0,0,0]"
"used-Y-100","XZ","actual axis slider","8.12899999891835","+8","8.12899999891835","+8","8.128999998913145","null","null","No numerical formula change; exact before/after preservation","{""X"":0,""Y"":-100,""Z"":0,""A"":0,""C"":0}","[0,0,0,0,0,0,0,0]"
"used-Y-100","YZ","actual axis slider","14.119999994925344","+14","-14.119999994583605","-14","-14.119999994583605","-14.119999994695274","null","Independent full 3D support/profile/axis-to-YZ, production poses not used","{""X"":0,""Y"":-100,""Z"":0,""A"":0,""C"":0}","[0,0,0,0,0,0,0,0]"
"used-Y-100","a","actual axis slider","8.125810727274697","+8","8.125810727274697","+8","8.125810727274697","null","null","No numerical formula change; exact before/after preservation","{""X"":0,""Y"":-100,""Z"":0,""A"":0,""C"":0}","[0,0,0,0,0,0,0,0]"
"used-Y-100","b","actual axis slider","14.118678122277545","+14","14.118678122277545","+14","14.118678122530815","null","null","No numerical formula change; exact before/after preservation","{""X"":0,""Y"":-100,""Z"":0,""A"":0,""C"":0}","[0,0,0,0,0,0,0,0]"
"used-Y100","XY","actual axis slider","16.958999991522823","+17","16.958999991522823","+17","16.958999991517622","null","null","No numerical formula change; exact before/after preservation","{""X"":0,""Y"":100,""Z"":0,""A"":0,""C"":0}","[0,0,0,0,0,0,0,0]"
"used-Y100","XZ","actual axis slider","8.128999998946105","+8","8.128999998946105","+8","8.1289999989409","null","null","No numerical formula change; exact before/after preservation","{""X"":0,""Y"":100,""Z"":0,""A"":0,""C"":0}","[0,0,0,0,0,0,0,0]"
"used-Y100","YZ","actual axis slider","14.1199999953677","+14","-14.119999994583605","-14","-14.119999994583605","-14.119999994695274","null","Independent full 3D support/profile/axis-to-YZ, production poses not used","{""X"":0,""Y"":100,""Z"":0,""A"":0,""C"":0}","[0,0,0,0,0,0,0,0]"
"used-Y100","a","actual axis slider","8.125810727274697","+8","8.125810727274697","+8","8.125810727274697","null","null","No numerical formula change; exact before/after preservation","{""X"":0,""Y"":100,""Z"":0,""A"":0,""C"":0}","[0,0,0,0,0,0,0,0]"
"used-Y100","b","actual axis slider","14.118678122277545","+14","14.118678122277545","+14","14.118678122530815","null","null","No numerical formula change; exact before/after preservation","{""X"":0,""Y"":100,""Z"":0,""A"":0,""C"":0}","[0,0,0,0,0,0,0,0]"
"used-Z-100","XY","actual axis slider","16.95899999130078","+17","16.95899999130078","+17","16.958999991295578","null","null","No numerical formula change; exact before/after preservation","{""X"":0,""Y"":0,""Z"":-100,""A"":0,""C"":0}","[0,0,0,0,0,0,0,0]"
"used-Z-100","XZ","actual axis slider","8.12899999891835","+8","8.12899999891835","+8","8.128999998913145","null","null","No numerical formula change; exact before/after preservation","{""X"":0,""Y"":0,""Z"":-100,""A"":0,""C"":0}","[0,0,0,0,0,0,0,0]"
"used-Z-100","YZ","actual axis slider","14.119999995369433","+14","-14.11999999480565","-14","-14.11999999480565","-14.119999994695256","null","Independent full 3D support/profile/axis-to-YZ, production poses not used","{""X"":0,""Y"":0,""Z"":-100,""A"":0,""C"":0}","[0,0,0,0,0,0,0,0]"
"used-Z-100","a","actual axis slider","8.125810727274697","+8","8.125810727274697","+8","8.125810727274697","null","null","No numerical formula change; exact before/after preservation","{""X"":0,""Y"":0,""Z"":-100,""A"":0,""C"":0}","[0,0,0,0,0,0,0,0]"
"used-Z-100","b","actual axis slider","14.118678122714694","+14","14.118678122714694","+14","14.118678122974904","null","null","No numerical formula change; exact before/after preservation","{""X"":0,""Y"":0,""Z"":-100,""A"":0,""C"":0}","[0,0,0,0,0,0,0,0]"
"used-Z100","XY","actual axis slider","16.958999991328536","+17","16.958999991328536","+17","16.95899999132333","null","null","No numerical formula change; exact before/after preservation","{""X"":0,""Y"":0,""Z"":100,""A"":0,""C"":0}","[0,0,0,0,0,0,0,0]"
"used-Z100","XZ","actual axis slider","8.12899999891835","+8","8.12899999891835","+8","8.128999998913145","null","null","No numerical formula change; exact before/after preservation","{""X"":0,""Y"":0,""Z"":100,""A"":0,""C"":0}","[0,0,0,0,0,0,0,0]"
"used-Z100","YZ","actual axis slider","14.119999995369433","+14","-14.11999999505545","-14","-14.11999999505545","-14.119999995139356","null","Independent full 3D support/profile/axis-to-YZ, production poses not used","{""X"":0,""Y"":0,""Z"":100,""A"":0,""C"":0}","[0,0,0,0,0,0,0,0]"
"used-Z100","a","actual axis slider","8.125810727274697","+8","8.125810727274697","+8","8.125810727274697","null","null","No numerical formula change; exact before/after preservation","{""X"":0,""Y"":0,""Z"":100,""A"":0,""C"":0}","[0,0,0,0,0,0,0,0]"
"used-Z100","b","actual axis slider","14.118678122714694","+14","14.118678122714694","+14","14.118678122974904","null","null","No numerical formula change; exact before/after preservation","{""X"":0,""Y"":0,""Z"":100,""A"":0,""C"":0}","[0,0,0,0,0,0,0,0]"
